country,iso,aluminum_us,aluminum_cn,antimony_us,antimony_cn,beryllium_us,beryllium_cn,bismuth_us,bismuth_cn,cadmium_us,cadmium_cn,chromium_us,chromium_cn,cobalt_us,cobalt_cn,copper_us,copper_cn,gold_us,gold_cn,steel_us,steel_cn,lead_us,lead_cn,lithium_us,lithium_cn,magnesium_us,magnesium_cn,manganese_us,manganese_cn,molybdenum_us,molybdenum_cn,graphite_us,graphite_cn,nickel_us,nickel_cn,niobium_us,niobium_cn,palladium_us,palladium_cn,platinum_us,platinum_cn,ree_us,ree_cn,rhodium_us,rhodium_cn,silver_us,silver_cn,tin_us,tin_cn,titanium_us,titanium_cn,tungsten_us,tungsten_cn,uranium_us,uranium_cn,zinc_us,zinc_cn,zirconium_us,zirconium_cn,beef_us,beef_cn,coffee_us,coffee_cn,maize_us,maize_cn,milk_us,milk_cn,palm_us,palm_cn,pork_us,pork_cn,poultry_us,poultry_cn,rice_us,rice_cn,soy_us,soy_cn,sugar_us,sugar_cn,wheat_us,wheat_cn,coal_us,coal_cn,gas_us,gas_cn,oil_us,oil_cn,trade_us,trade_cn,fdi_us,fdi_cn,student_out_us,student_in_us,student_out_cn,student_in_cn,aid_us,aid_cn,unga_us,unga_cn,arms_ex_us,arms_im_us,arms_ex_cn,arms_im_cn,mil_ex_us,mil_ex_cn
Afghanistan,AFG,0,0,0,0,0,0,0,0,0,0,,0,0,0,0,0,0,0,0,0,0,0,0,0,0,0,0,0,0,0,0,0,0,0,0,0,0,0,0,0,0,0,0,0,0,0,0,0,0,0,0,0,0,0,0,0,0,0,0,0,0,0,0,0,0,0,0,0,0,0,0,0,0,0,0,0,0,0,0,0,0,0,0,0,0,0,1550015444,420439332,0,210000000,0,476.54,0,0,1.064,0.001,0.23,0.82,0.47,0,0,0,0,0
Albania,ALB,0,0,0,0,0,0,0,0,0,0,0.003,0.038,0,0,0,0,0,0,0,0,0,0,0,0,0,0,0,0,0,0,0,0,0,0,0,0,0,0,0,0,0,0,0,0,0,0,0,0,0,0,0,0,0,0,0,0,0,0,0,0,0,0,0,0,0,0,0,0,0,0,0,0,0,0,0,0,0,0,0,0,0,0,0,0,0,0,174731373.1,594094856.6,0,0,0,655.91,0,0,0.005,0,0.48,0.5,0,0,0,0,10,0
Algeria,DZA,0,0,0,0,0,0,0,0,0,0,0,0,0,0,0,0,0,0,0,0,0,0,0,0,0,0,0,0,0,0,0,0,0,0,0,0,0,0,0,0,0,0,0,0,0,0,0,0,0,0,0,0,0,0,0,0,0,0,0,0,0,0,0,0,0,0,0,0,0,0,0,0,0,0,0,0,0,0,0,0,0,0,0.001,0.001,0.002,0.001,7311146060,8092364200,0,1963333333,0,159.64,0,1.25,0,0,0.17,0.81,0.01,0,0.18,0,4,0
Angola,AGO,0,0,0,0,0,0,0,0,0,0,0,0,0,0,0,0,0,0,0,0,0,0,0,0,0,0,0,0,0,0,0,0,0,0,0,0,0,0,0,0,0,0,0,0,0,0,0,0,0,0,0,0,0,0,0,0,0,0,0,0,0,0,0,0,0,0,0,0,0,0,0,0,0,0,0,0,0,0,0,0,0,0,0,0,0.009,0.078,6868684625,26267835161,0,2292500000,0,1123.23,0,5,0.001,0.012,0.16,0.81,0,0,0.07,0,3,2
Argentina,ARG,0.019,0,0,0,0,0,0,0,0,0,0,0,0,0,0,0,0.005,0,0,0,0.001,0,0.306,0.076,0,0,0,0,0,0.001,0,0,0,0,0,0,0,0,0,0,0,0,0,0,0.009,0,0,0,0,0,0,0,0,0,0,0,0,0,0,0.006,0,0,0.001,0,0,0.002,0,0,0,0,0,0.003,0.001,0,0.001,0.082,0.004,0,0.001,0,0,0,0,0,0.001,0.002,20841664651,13685185057,14578750000,3392500000,878.25,1913.25,142.75,0,0,0.002,0.3,0.76,0.6,0,0,0,3,0
Armenia,ARM,0,0,0,0,0,0,0,0,0,0,0,0,0,0,0,0,0,0,0,0,0,0,0,0,0,0,0,0,0,0,0,0,0,0,0,0,0,0,0,0,0,0,0,0,0,0,0,0,0,0,0,0,0,0,0,0,0,0,0,0,0,0,0,0,0,0,0,0,0,0,0,0,0,0,0,0,0,0,0,0,0,0,0,0,0,0,177003842.4,328514560.8,0,0,30,273,1.75,0,0.013,0,0.24,0.67,0,0,0,0,11,2
Australia,AUS,0.005,0.002,0,0.039,0,0,0,0.002,0.081,0.014,0,0.007,0.037,0.006,0,0.021,0,0.062,0.002,0,0.006,0.002,0,0,0,0,0.151,0.222,0,0,0,0,0.031,0.011,0,0,0,0,0,0,0.001,0,0,0,0.001,0.011,0,0,0,0,0,0,0.256,0,0.058,0.021,0.041,0.278,0.026,0.021,0,0.001,0,0,0.001,0.038,0,0,0,0,0,0,0.002,0,0,0,0.012,0.013,0.002,0.01,0,0.021,0,0.036,0,0.005,51502000000,1.26E+11,1.68E+11,10227500000,2975.75,3999.1,96985.25,17.75,0,0,0.56,0.41,0.6,0.08,0,0,41,13
Austria,AUT,0,0,0,0,0.002,0,0,0,0,0,0,0,0,0,0,0,0,0,0.001,0,0,0,0,0,0.007,0,0,0,0.004,0,0,0,0,0,0,0,0,0,0,0,0.019,0.001,0,0,0,0,0,0,0,0,0.032,0,0,0,0,0,0,0,0,0,0,0,0,0,0,0.001,0,0,0,0,0,0,0,0,0,0,0.001,0,0,0,0,0,0,0,0,0,17417044266,7688244001,7842250000,230000000,654.63,910.2,634.96,6.75,0,0,0.42,0.5,0,0,0,0,6,0
Azerbaijan,AZE,0,0,0,0,0,0,0,0,0,0,0,0,0,0,0,0,0,0,0,0,0,0,0,0,0,0,0,0,0,0,0,0,0,0,0,0,0,0,0,0,0,0,0,0,0,0,0,0,0,0,0,0,0,0,0,0,0,0,0,0,0,0,0,0,0,0,0,0,0,0,0,0,0,0,0,0,0,0,0,0,0,0,0,0,0.001,0.001,1478619366,885781361.2,0,0,4.25,379.37,133.25,0,0.002,0,0.21,0.8,0,0,0,0,6,0
Bahamas,BHS,0,0,0,0,0,0,0,0,0,0,0,0,0,0,0,0,0,0,0,0,0,0,0,0,0,0,0,0,0,0,0,0,0,0,0,0,0,0,0,0,0,0,0,0,0,0,0,0,0,0,0,0,0,0,0,0,0,0,0,0,0,0,0,0,0,0,0,0,0,0,0,0,0,0,0,0,0,0,0,0,0,0,0,0,0,0,5270606668,680036633.4,0,250000000,0,1916.2,0,0,0.001,0.049,0.28,0.76,0,0,0,0,5,0
Bahrain,BHR,0.01,0,0,0,0,0,0,0,0,0,0,0,0,0,0,0,0,0,0,0,0,0,0,0,0,0,0.001,0,0,0,0,0,0,0,0,0,0,0,0,0,0,0,0,0,0,0,0,0,0,0,0,0,0,0,0,0,0,0,0,0,0,0,0,0,0,0,0,0,0,0,0,0,0,0,0,0,0,0,0,0,0,0,0,0,0,0.001,2601051235,1192784814,0,0,52,487.4,0.75,0,0.001,0,0.21,0.79,0.65,0,0.03,0,3,0
Bangladesh,BGD,0,0,0,0,0,0,0,0,0,0,0,0,0,0,0,0,0,0,0,0,0,0,0,0,0,0,0,0,0,0,0,0,0,0,0,0,0,0,0,0,0,0,0,0,0,0,0,0,0,0,0,0,0,0,0,0,0,0,0,0,0,0,0,0,0,0,0,0,0,0,0,0,0,0,0,0,0,0,0,0,0,0,0,0,0,0,7528007881,13755316947,0,4960000000,0,5040.31,0,70.75,0.003,0.002,0.21,0.8,0.06,0,0.73,0,10,3
Barbados,BRB,0,0,0,0,0,0,0,0,0,0,0,0,0,0,0,0,0,0,0,0,0,0,0,0,0,0,0,0,0,0,0,0,0,0,0,0,0,0,0,0,0,0,0,0,0,0,0,0,0,0,0,0,0,0,0,0,0,0,0,0,0,0,0,0,0,0,0,0,0,0,0,0,0,0,0,0,0,0,0,0,0,0,0,0,0,0,921221876.6,95339114,17222000000,245000000,0,302.26,0,0,0,0,0.28,0.78,0,0,0,0,2,0
Belarus,BLR,0,0,0,0,0,0,0,0,0,0,0,0,0,0,0,0,0,0,0,0,0,0,0,0,0,0,0,0,0,0,0,0,0,0,0,0,0,0,0,0,0,0,0,0,0,0,0,0,0,0,0,0,0,0,0,0,0,0,0,0,0,0,0,0,0,0,0,0,0,0,0,0,0,0,0,0,0,0,0,0,0,0,0,0,0,0,341867180,1607041702,0,543333333.3,7,320.31,1385.75,0,0.001,0.018,0.18,0.77,0,0,0.01,0.04,3,7
Belgium,BEL,0,0,0.061,0,0,0,0.077,0.002,0.026,0.001,0.001,0,0.01,0.001,0,0.007,0,0,0.002,0,0,0,0,0,0.004,0,0.001,0,0.001,0.001,0.002,0,0,0,0,0,0.012,0.007,0.024,0.002,0.001,0,0.029,0.068,0.007,0,0.009,0,0.001,0.001,0.03,0,0,0,0,0.003,0,0,0,0,0,0,0,0,0,0.004,0,0,0,0,0,0,0,0,0,0,0.001,0,0,0,0,0,0,0,0,0,72947000000,24158304318,50720250000,500000000,295.25,893.17,591.25,7.75,0,0,0.49,0.49,0.08,0,0,0,32,0
Belize,BLZ,0,0,0,0,0,0,0,0,0,0,0,0,0,0,0,0,0,0,0,0,0,0,0,0,0,0,0,0,0,0,0,0,0,0,0,0,0,0,0,0,0,0,0,0,0,0,0,0,0,0,0,0,0,0,0,0,0,0,0,0,0,0,0,0,0,0,0,0,0,0,0,0,0,0,0,0,0.004,0,0,0,0,0,0,0,0,0,571846765,98545765.8,0,0,0,321.81,0,0,0.013,0,0.26,0.79,0,0,0,0,9,0
Benin,BEN,0,0,0,0,0,0,0,0,0,0,0,0,0,0,0,0,0,0,0,0,0,0,0,0,0,0,0,0,0,0,0,0,0,0,0,0,0,0,0,0,0,0,0,0,0,0,0,0,0,0,0,0,0,0,0,0,0,0,0,0,0,0,0,0,0,0,0,0,0,0,0,0,0,0,0,0,0,0,0,0,0,0,0,0,0,0,842179274.4,2826188404,0,400000000,0,278.36,0,0,0.015,0.008,0.26,0.76,0,0,0,0,5,0
Bhutan,BTN,0,0,0,0,0,0,0,0,0,0,0,0,0,0,0,0,0,0,0,0,0,0,0,0,0,0,0,0,0,0,0,0,0,0,0,0,0,0,0,0,0,0,0,0,0,0,0,0,0,0,0,0,0,0,0,0,0,0,0,0,0,0,0,0,0,0,0,0,0,0,0,0,0,0,0,0,0,0,0,0,0,0,0,0,0,0,16753244,9695134.6,0,0,0,136.1,0,0,0.001,0,0.2,0.77,0,0,0,0,0,0
Bolivia,BOL,0,0,0.063,0.003,0,0,0.013,0.001,0,0,0,0,0,0,0.001,0,0.02,0,0,0,0,0,0,0,0,0,0,0,0,0,0,0,0,0,0,0,0,0,0,0,0,0,0,0,0.017,0,0.157,0.017,0,0,0,0,0,0,0,0,0,0,0,0,0,0,0,0,0,0,0,0,0,0,0,0,0,0,0,0,0,0,0,0,0,0,0,0,0,0,2568005300,1007626230,0,922500000,0,1098.67,0,0.5,0.004,0.014,0.16,0.78,0.08,0,0.32,0,0,0
Bosnia & Herzegovina,BIH,0,0,0,0,0,0,0,0,0,0,0,0,0,0,0,0,0,0,0,0,0,0,0,0,0,0,0,0,0,0,0,0,0,0,0,0,0,0,0,0,0,0,0,0,0,0,0,0,0,0,0,0,0,0,0,0,0,0,0,0,0,0,0,0,0,0,0,0,0,0,0,0,0,0,0,0,0,0,0,0,0,0,0,0,0,0,134616688.6,158157270.4,0,550000000,13.25,317.96,2.25,0,0.006,0.015,0.44,0.53,0,0,0,0,8,0
Botswana,BWA,0,0,0,0,0,0,0,0,0,0,0,0,0,0,0,0,0,0,0,0,0,0,0,0,0,0,0,0,0,0,0,0,0,0,0,0,0,0,0,0,0,0,0,0,0,0,0,0,0,0,0,0,0,0,0,0,0,0,0,0,0,0,0,0,0,0,0,0,0,0,0,0,0,0,0,0,0,0,0,0,0,0,0,0,0,0,513305234,326735615,0,100000000,36,241.44,0.5,0,0.009,0.001,0.26,0.77,0,0,0,0,0,0
Brazil,BRA,0.002,0,0,0,0,0,0,0.001,0,0.001,0.007,0.002,0.007,0.001,0.001,0.006,0.007,0,0.051,0,0.004,0,0,0,0.008,0,0.012,0.059,0,0,0.085,0,0.011,0.001,0.752,0.881,0.002,0,0,0,0.094,0.001,0,0,0,0,0.059,0,0.001,0,0.003,0,0,0,0.002,0.001,0,0,0,0.013,0.247,0.02,0.001,0,0.002,0,0.002,0,0,0,0,0.023,0.003,0,0.003,0.429,0.022,0.137,0,0,0,0,0,0,0.009,0.024,90906000000,80775686057,65271250000,7970000000,471.25,12531.93,234.5,19.5,0,0,0.25,0.78,0.2,0,0,0,16,3
Brunei,BRN,0,0,0,0,0,0,0,0,0,0,0,0,0,0,0,0,0,0,0,0,0,0,0,0,0,0,0,0,0,0,0,0,0,0,0,0,0,0,0,0,0,0,0,0,0,0,0,0,0,0,0,0,0,0,0,0,0,0,0,0,0,0,0,0,0,0,0,0,0,0,0,0,0,0,0,0,0,0,0,0,0,0,0,0,0,0,680370085.6,1392095541,0,1985000000,0.25,62.52,4.5,0,0,0,0.2,0.81,0.5,0,0,0,12,3
Bulgaria,BGR,0,0,0,0,0,0,0,0,0,0.009,0,0,0,0,0,0.006,0,0,0,0,0,0,0,0,0,0,0,0.001,0,0,0,0,0,0,0,0,0,0,0,0,0,0,0,0,0,0,0,0,0,0,0,0,0,0,0,0,0,0,0,0,0,0,0,0,0,0,0,0,0,0,0,0,0,0,0,0,0,0,0,0,0,0,0,0,0,0,1152417122,1962421235,0,0,112.75,1143.31,32.5,5.5,0.001,0,0.48,0.49,1,0,0,0,29,0
Burkina Faso,BFA,0,0,0,0,0,0,0,0,0,0,0,0,0,0,0,0,0,0,0,0,0,0,0,0,0,0,0,0,0,0,0,0,0,0,0,0,0,0,0,0,0,0,0,0,0,0,0,0,0,0,0,0,0,0,0,0,0,0,0,0,0,0,0,0,0,0,0,0,0,0,0,0,0,0,0,0,0,0,0,0,0,0,0,0,0,0,105316582.8,211707592.6,0,0,0,547.34,0,0,0.016,0,0.24,0.8,0,0,0,0,3,0
Burundi,BDI,0,0,0,0,0,0,0,0,0,0,0,0,0,0,0,0,0,0,0,0,0,0,0,0,0,0,0,0,0,0,0,0,0,0,0,0,0,0,0,0,0,0,0,0,0,0,0,0,0,0,0,0,0,0,0,0,0,0,0,0,0.001,0,0,0,0,0,0,0,0,0,0,0,0,0,0,0,0,0,0,0,0,0,0,0,0,0,21507971.9,51776953.6,0,0,0,147.34,0,0,0.045,0.007,0.2,0.84,1,0,0,0,0,0
Cambodia,KHM,0,0,0,0,0,0,0,0,0,0,0,0,0,0,0,0,0,0,0,0,0,0,0,0,0,0,0,0,0,0,0,0,0,0,0,0,0,0,0,0,0,0,0,0,0,0,0,0,0,0,0,0,0,0,0,0,0,0,0,0,0,0,0,0,0,0,0,0,0,0,0,0,0,0.001,0,0,0,0,0,0,0,0,0,0,0,0,3566048866,4502151785,0,993333333.3,0,468.58,0,2.75,0.013,0.073,0.23,0.83,0,0,0.58,0,7,2
Cameroon,CMR,0,0,0,0,0,0,0,0,0,0,0,0,0,0,0,0,0,0,0,0,0,0,0,0,0,0,0,0,0,0,0,0,0,0,0,0,0,0,0,0,0,0,0,0,0,0,0,0,0,0,0,0,0,0,0,0,0,0,0,0,0.001,0,0,0,0,0,0,0,0,0,0,0,0,0,0,0,0,0,0,0,0,0,0,0,0,0.001,602765644,2183717413,0,2133333333,0,956.75,0,0,0.002,0.019,0.19,0.57,0.01,0,0.7,0,4,1
Canada,CAN,0.322,0,0.001,0.001,0.002,0,0.008,0,0.133,0.055,0.001,0,0.084,0.001,0.097,0.001,0.1,0.011,0.042,0,0.157,0.001,0,0.001,0.073,0,0.001,0,0.089,0.001,0.142,0,0.169,0.018,0.215,0.063,0.007,0,0.002,0,0.013,0,0,0,0.231,0.002,0.015,0,0.029,0.001,0.009,0,0,0,0.53,0.001,0,0,0.019,0.002,0.035,0,0.002,0,0.004,0.001,0,0,0.03,0.003,0.003,0,0.001,0,0.006,0.014,0.026,0,0.051,0.007,0.001,0.002,0.028,0,0.111,0,7.96E+11,52544657266,3.72E+11,2522500000,8133,27449.81,51909.5,50.75,0,0,0.75,0.32,0.7,0.04,0,0,75,2
Cape Verde,CPV,0,0,0,0,0,0,0,0,0,0,0,0,0,0,0,0,0,0,0,0,0,0,0,0,0,0,0,0,0,0,0,0,0,0,0,0,0,0,0,0,0,0,0,0,0,0,0,0,0,0,0,0,0,0,0,0,0,0,0,0,0,0,0,0,0,0,0,0,0,0,0,0,0,0,0,0,0,0,0,0,0,0,0,0,0,0,16691906.7,54909622.2,0,130000000,0,413.12,0,12.5,0.019,0.007,0.27,0.78,0,0,0,0,2,0
Central African Republic,CAF,0,0,0,0,0,0,0,0,0,0,0,0,0,0,0,0,0,0,0,0,0,0,0,0,0,0,0,0,0,0,0,0,0,0,0,0,0,0,0,0,0,0,0,0,0,0,0,0,0,0,0,0,0,0,0,0,0,0,0,0,0,0,0,0,0,0,0,0,0,0,0,0,0,0,0,0,0,0,0,0,0,0,0,0,0,0,32595044.3,42948231.4,0,0,0,14.88,0,0,0.035,0.004,0.34,0.65,0,0,0,0,0,0
Chad,TCD,0,0,0,0,0,0,0,0,0,0,0,0,0,0,0,0,0,0,0,0,0,0,0,0,0,0,0,0,0,0,0,0,0,0,0,0,0,0,0,0,0,0,0,0,0,0,0,0,0,0,0,0,0,0,0,0,0,0,0,0,0,0,0,0,0,0,0,0,0,0,0,0,0,0,0,0,0,0,0,0,0,0,0,0,0.003,0.001,1615914227,343889098.8,0,183333333.3,0,67.04,0,0.25,0.021,0.012,0.23,0.78,0.05,0,0.33,0,2,0
Chile,CHL,0,0,0,0,0,0,0.006,0,0,0,0,0,0,0,0.195,0.104,0.004,0,0,0,0.001,0,0.226,0.199,0,0,0,0,0.116,0.032,0,0,0,0,0,0,0,0,0,0,0.001,0,0,0,0.008,0,0.001,0,0,0,0.002,0,0,0,0,0,0,0,0,0,0,0,0,0,0.008,0.001,0,0,0,0.001,0.002,0.001,0,0,0,0,0,0,0,0,0,0,0,0,0,0,35546000000,33307799003,27955000000,350000000,17.5,2313.44,8.63,3.75,0,0.001,0.28,0.77,0.5,0,0,0,19,0
China,CHN,0.001,0.991,0.524,0.781,0,0.233,0.752,0.972,0.046,0.481,0.004,0.003,0.086,0.106,0,0.694,0.001,0.232,0.014,0.983,0,0.987,0.003,0.708,0.017,0.999,0.006,0.153,0.011,0.877,0.388,0.911,0.003,0.747,0,0.003,0,0.183,0.008,0.254,1.01,0.815,0.004,0,0.007,0.905,0.032,0.951,0.017,0.934,0.081,0.994,0,0.452,0,0.912,0.004,0.177,0,0.924,0.005,0.624,0,0.985,0,0.686,0,0,0,0.968,0,0.963,0.001,0.978,0.001,0.134,0.002,0.687,0,0.966,0,0.933,0,0.529,0,0.386,6.9E+11,0,94809250000,0,116.75,280340.6,0,29159.25,0,0,0.18,1,0,0,0,0,7,0
Colombia,COL,0,0,0,0,0,0,0,0,0,0,0,0,0,0,0,0,0.046,0,0,0,0.001,0,0,0,0,0,0,0,0,0,0,0,0,0,0,0,0,0,0.026,0,0,0,0,0,0.001,0,0,0,0,0,0.001,0,0,0,0,0,0,0,0,0,0.188,0.01,0,0,0,0,0.004,0,0,0,0,0,0,0,0,0,0.008,0,0,0,0.009,0,0,0,0.019,0.013,43795000000,11567331405,7679750000,260000000,254.5,6802.49,11.5,0.5,0.003,0,0.26,0.72,0.35,0,0,0,15,1
Comoros,COM,0,0,0,0,0,0,0,0,0,0,0,0,0,0,0,0,0,0,0,0,0,0,0,0,0,0,0,0,0,0,0,0,0,0,0,0,0,0,0,0,0,0,0,0,0,0,0,0,0,0,0,0,0,0,0,0,0,0,0,0,0,0,0,0,0,0,0,0,0,0,0,0,0,0,0,0,0,0,0,0,0,0,0,0,0,0,6519275.27,46494313.4,0,0,0,27.32,0,0,0.001,0.002,0.23,0.8,0,0,0,0,3,0
Costa Rica,CRI,0,0,0,0,0,0,0,0,0,0,0,0,0,0,0,0,0.015,0,0,0,0,0,0,0,0,0,0,0,0,0,0,0,0,0,0,0,0,0,0,0,0,0,0,0,0,0,0,0,0,0,0,0,0,0,0,0,0,0,0.001,0,0.026,0.001,0,0,0,0,0,0,0,0,0,0,0,0,0,0,0.008,0.001,0,0,0,0,0,0,0,0,17929264967,3523253489,1541500000,0,0,1089.28,0,0,0,0.004,0.29,0.74,1,0,0,0,4,0
Cote d'Ivoire,CIV,0,0,0,0,0,0,0,0,0,0,0,0,0,0,0,0,0,0,0,0,0,0,0,0,0,0,0,0.008,0,0,0,0,0,0,0,0,0,0,0,0,0,0,0,0,0,0,0,0,0,0,0,0,0,0,0,0,0,0,0,0,0,0,0,0,0,0,0,0,0,0,0,0,0,0,0,0,0,0,0,0,0,0,0,0,0,0,1581597500,1576837043,0,526666666.7,3,1147.82,1.75,0.25,0.006,0.027,0.26,0.69,0,0,0,0,5,0
Croatia,HRV,0,0,0,0,0,0,0,0,0,0,0,0,0,0,0,0,0,0,0,0,0,0,0,0,0,0,0,0,0,0,0,0,0,0,0,0,0,0,0,0,0,0,0,0,0,0,0,0,0,0,0,0,0,0,0,0,0,0,0,0,0,0,0,0,0,0,0,0,0,0,0,0,0,0,0,0,0,0,0,0,0,0,0,0,0,0,1065273520,1248092998,0,130000000,30.75,534.72,1,0,0,0,0.48,0.49,0.74,0,0,0,17,0
Cuba,CUB,0,0,0,0,0,0,0,0,0,0,0,0,0,0.003,0,0,0,0,0,0,0,0,0,0,0,0,0,0,0,0,0,0,0,0,0,0,0,0,0,0,0,0,0,0,0,0,0,0,0,0,0,0,0,0,0,0,0,0,0,0,0,0,0,0,0,0,0,0,0,0,0,0,0,0,0,0,0,0.028,0,0,0,0,0,0,0,0,0,1860614551,0,100000000,0,102.54,0,0,0,0.016,0.14,0.79,0,0,0,0,0,0
Curacao,CUW,0,0,0,0,0,0,0,0,0,0,0,0,0,0,0,0,0.003,0,0,0,0,0,0,0,0,0,0,0,0,0,0,0,0,0,0,0,0,0,0,0,0,0,0,0,0,0,0,0,0,0,0,0,0,0,0,0,0,0,0,0,0,0,0,0,0,0,0,0,0,0,0,0,0,0,0,0,0,0,0,0,0,0,0,0,0,0,1437177750,80966868.8,0,0,0,0,0,0,0.007,0,,,0,0,0,0,0,0
Cyprus,CYP,0,0,0,0,0,0,0,0,0,0,0,0,0,0,0,0,0,0,0,0,0,0,0,0,0,0,0,0,0,0,0,0,0,0,0,0,0,0,0,0,0,0,0,0,0,0,0,0,0,0,0,0,0,0,0,0,0,0,0,0,0,0,0,0,0,0,0,0,0,0,0,0,0,0,0,0,0,0,0,0,0,0,0,0,0,0,268953346.6,770308441,0,0,4.75,396.55,91.75,0,0.001,0,0.43,0.53,0,0,0,0,0,0
Czechia (Czech Republic),CZE,0,0,0,0,0.012,0,0,0,0,0,0,0,0,0,0,0,0,0,0,0,0,0,0,0,0.007,0,0,0,0,0,0,0,0,0,0,0,0,0,0,0,0,0,0,0,0,0,0,0,0.002,0,0.006,0,0,0,0,0,0,0,0,0,0,0,0,0,0,0,0,0,0,0,0,0,0,0,0,0,0,0,0,0,0,0,0,0,0,0,7950694712,10987526778,5705000000,255000000,214.75,709.09,183.75,7,0,0,0.52,0.48,0.06,0.01,0,0,19,1
Denmark,DNK,0,0,0,0,0,0,0,0,0,0,0,0,0,0,0,0,0,0,0,0,0,0,0,0,0,0,0,0,0,0,0,0,0,0,0,0,0,0,0,0,0,0,0,0,0,0,0,0,0,0,0,0,0,0,0,0,0,0,0,0,0,0,0,0,0,0.003,0.001,0,0.003,0.004,0,0,0,0,0,0,0,0,0,0,0,0,0,0,0,0,11334066439,10060704606,15795500000,730000000,654.25,1124.32,1193.25,8,0,0,0.5,0.49,0.55,0,0,0,37,2
Djibouti,DJI,0,0,0,0,0,0,0,0,0,0,0,0,0,0,0,0,0,0,0,0,0,0,0,0,0,0,0,0,0,0,0,0,0,0,0,0,0,0,0,0,0,0,0,0,0,0,0,0,0,0,0,0,0,0,0,0,0,0,0,0,0,0,0,0,0,0,0,0,0,0,0,0,0,0,0,0,0,0,0,0,0,0,0,0,0,0,259592991.2,1687738740,0,1020000000,0,8.59,0,0,0.029,0.1,0.22,0.8,0.13,0,0.34,0,3,0
Dominica,DMA,0,0,0,0,0,0,0,0,0,0,0,0,0,0,0,0,0,0,0,0,0,0,0,0,0,0,0,0,0,0,0,0,0,0,0,0,0,0,0,0,0,0,0,0,0,0,0,0,0,0,0,0,0,0,0,0,0,0,0,0,0,0,0,0,0,0,0,0,0,0,0,0,0,0,0,0,0,0,0,0,0,0,0,0,0,0,148255099.2,35273024.4,0,0,0,212.09,0,0,0.003,0.05,0.28,0.77,0,0,0,0,4,0
Dominican Republic,DOM,0,0,0,0,0,0,0,0,0,0,0,0,0,0,0,0,0.004,0,0,0,0,0,0,0,0,0,0,0,0,0,0,0,0,0,0,0,0,0,0,0,0,0,0,0,0,0,0,0,0,0,0,0,0,0,0,0,0,0,0,0,0.001,0,0,0,0,0,0,0,0,0,0,0,0,0,0,0,0.017,0,0,0,0,0,0,0,0,0,17260123973,1643225087,1331250000,0,1398.25,1669.12,7.25,0,0.002,0,0.26,0.78,1,0,0,0,9,0
DRC,COD,0,0,0,0,0,0,0,0,0,0,0,0,0,0.819,0.007,0.01,0,0,0,0,0,0,0,0,0,0,0,0,0,0,0,0,0,0,0,0,0,0,0,0,0,0,0,0,0,0,0,0,0,0,0,0,0,0,0,0,0,0,0,0,0.001,0,0,0,0,0,0,0,0,0,0,0,0,0,0,0,0,0,0,0,0,0,0,0,0,0.001,346655737,3848331168,0,1617500000,0,657.34,0,0.25,0.023,0.003,0.2,0.75,0,0,0.02,0,2,0
East Timor (Timor-Leste),TLS,0,0,0,0,0,0,0,0,0,0,0,0,0,0,0,0,0,0,0,0,0,0,0,0,0,0,0,0,0,0,0,0,0,0,0,0,0,0,0,0,0,0,0,0,0,0,0,0,0,0,0,0,0,0,0,0,0,0,0,0,0.001,0,0,0,0,0,0,0,0,0,0,0,0,0,0,0,0,0,0,0,0,0,0,0,0,0,6148306.93,102442720.4,0,560000000,0,53.26,0,11.5,0.012,0,0.26,0.78,0,0,0,0,0,0
Ecuador,ECU,0,0,0,0,0,0,0,0,0,0,0,0,0,0,0,0,0.018,0,0,0,0.006,0,0,0,0,0,0,0,0,0,0,0,0,0,0,0,0,0,0,0,0,0,0,0,0,0,0,0,0,0,0,0,0,0,0,0,0,0,0,0,0.002,0,0,0,0,0,0.004,0,0,0,0,0,0,0,0,0,0.001,0,0,0,0,0,0,0,0.013,0.002,18968462242,3893919300,924750000,917500000,308.25,2627.61,30,0.25,0.001,0.017,0.17,0.79,0,0,0,0,5,0
Egypt,EGY,0,0,0,0,0,0,0,0,0,0,0,0,0,0,0,0,0,0,0,0,0,0,0,0,0,0,0,0.001,0,0,0,0,0,0,0,0,0,0,0,0,0,0,0,0,0,0,0,0,0,0,0,0,0,0,0,0,0,0,0,0,0,0,0,0,0,0,0,0,0,0,0,0,0,0,0,0,0.001,0,0,0,0,0,0,0.001,0,0.002,9529879567,11305554850,8995250000,1937500000,21.5,2894.27,257.5,7,0.009,0,0.17,0.77,0.35,0,0,0,3,3
El Salvador,SLV,0,0,0,0,0,0,0,0,0,0,0,0,0,0,0,0,0,0,0,0,0,0,0,0,0,0,0,0,0,0,0,0,0,0,0,0,0,0,0,0,0,0,0,0,0,0,0,0,0,0,0,0,0,0,0,0,0,0,0,0,0.011,0,0,0,0,0,0,0,0,0,0,0,0,0,0,0,0.02,0.003,0,0,0,0,0,0,0,0,7783765325,726101485.8,0,0,102.5,1455.46,3.25,0,0.01,0,0.23,0.76,0,0,0,0,8,0
Equatorial Guinea,GNQ,0,0,0,0,0,0,0,0,0,0,0,0,0,0,0,0,0,0,0,0,0,0,0,0,0,0,0,0,0,0,0,0,0,0,0,0,0,0,0,0,0,0,0,0,0,0,0,0,0,0,0,0,0,0,0,0,0,0,0,0,0,0,0,0,0,0,0,0,0,0,0,0,0,0,0,0,0,0,0,0,0,0,0,0.001,0.001,0.004,1013625190,2051037094,0,660000000,0,285.13,0,0,0,0.007,0.16,0.8,0.11,0,0,0,9,0
Eritrea,ERI,0,0,0,0,0,0,0,0,0,0,0,0,0,0,0,0,0,0,0,0,0,0,0,0,0,0,0,0,0,0,0,0,0,0,0,0,0,0,0,0,0,0,0,0,0,0,0,0,0,0,0,0,0,0,0,0,0,0,0,0,0,0,0,0,0,0,0,0,0,0,0,0,0,0,0,0,0,0,0,0,0,0,0,0,0,0,10352554.8,274037511,0,500000000,0,105.49,0,0,-0.001,0.001,0.18,0.8,0,0,0,0,4,0
Estonia,EST,0,0,0,0,0,0,0,0,0,0,0,0,0,0,0,0,0,0,0,0,0,0,0,0,0,0,0,0,0,0,0,0,0,0,0,0,0,0,0,0,0.088,0.001,0,0,0,0,0,0,0.002,0,0,0,0,0,0,0,0,0,0,0,0,0,0,0,0,0,0,0,0,0,0,0,0,0,0,0,0,0,0,0,0,0,0,0,0,0,1074898764,1262273846,0,0,46,198.1,80.25,4.75,0.001,0,0.51,0.49,0.05,0,0,0,0,0
Eswatini (Swaziland),SWZ,0,0,0,0,0,0,0,0,0,0,0,0,0,0,0,0,0,0,0,0,0,0,0,0,0,0,0,0,0,0,0,0,0,0,0,0,0,0,0,0,0,0,0,0,0,0,0,0,0,0,0,0,0,0,0,0,0,0,0,0,0,0,0,0,0,0,0,0,0,0,0,0,0,0,0,0,0.002,0,0,0,0,0,0,0,0,0,83312255.4,64929623,0,1650000000,0,176.86,0,0,0.017,0,0.26,0.76,0,0,0,0,27,0
Ethiopia,ETH,0,0,0,0,0,0.195,0,0,0,0,0,0,0,0,0,0,0,0,0,0,0,0,0,0,0,0,0,0,0,0,0,0,0,0,0,0,0,0,0,0,0,0,0,0,0,0,0,0,0,0,0,0,0,0,0,0,0,0,0,0,0.015,0.006,0,0,0,0,0,0,0,0,0,0,0,0,0,0,0,0,0,0,0,0,0,0,0,0,2127355936,3214733621,0,0,0,1495.29,0,0,0.036,0.047,0.19,0.77,0.05,0,0.26,0,0,0
Fiji,FJI,0,0,0,0,0,0,0,0,0,0,0,0,0,0,0,0,0,0,0,0,0,0,0,0,0,0,0,0,0,0,0,0,0,0,0,0,0,0,0,0,0,0,0,0,0,0,0,0,0,0,0,0,0,0,0,0,0,0,0,0,0,0,0,0,0,0,0,0,0,0,0,0,0,0,0,0,0.002,0,0,0,0,0,0,0,0,0,339938759,355222217.4,0,120000000,0,115.58,0,0,0.001,0.024,0.21,0.74,0,0,0,0,0,0
Finland,FIN,0,0,0,0,0,0,0,0,0,0,0.051,0.002,0.034,0,0,0.001,0,0,0.001,0,0,0,0,0,0,0,0,0,0,0,0,0,0.031,0.002,0.011,0,0,0,0,0,0,0,0,0,0,0,0,0,0,0,0.002,0,0,0,0,0,0,0,0,0,0,0,0,0,0,0.003,0,0,0,0,0,0,0,0,0,0,0,0,0,0,0,0,0,0,0,0,8129470074,7869803318,2635250000,4820000000,386.5,620.85,1985,13.25,0,0,0.46,0.49,0.27,0,0,0,1,0
France,FRA,0.002,0,0.014,0,0.001,0,0,0,0,0.002,0.003,0,0.014,0,0,0,0,0,0.003,0,0.002,0,0,0,0.004,0,0.008,0.001,0,0,0.001,0,0.001,0,0,0,0,0,0.003,0,0.048,0.003,0.001,0,0,0,0,0,0.026,0,0,0,0,0,0,0,0,0,0,0,0,0,0,0,0.001,0.031,0,0,0,0.002,0,0,0,0,0,0,0,0,0.001,0,0,0,0,0,0,0,1.03E+11,52007904988,81330750000,2855000000,3320.25,7208.55,24824.25,48,0,0,0.57,0.42,0.57,0.12,0,0.13,21,12
Gabon,GAB,0,0,0,0,0,0,0,0,0,0,0,0,0,0,0,0,0,0,0,0,0,0,0,0,0,0,0.259,0.082,0,0,0,0,0,0,0,0,0,0,0,0,0,0,0,0,0,0,0,0,0,0,0,0,0,0,0,0,0,0,0,0,0,0,0,0,0,0,0,0,0,0,0,0,0,0,0,0,0,0,0,0,0,0,0,0,0.001,0.004,892036501,1938271064,0,100000000,0,403.3,0,0,0,0.006,0.19,0.76,0,0,0,0,66,0
"Gambia, the",GMB,0,0,0,0,0,0,0,0,0,0,0,0,0,0,0,0,0,0,0,0,0,0,0,0,0,0,0,0,0,0,0,0,0,0,0,0,0,0,0,0,0,0,0,0,0,0,0,0,0,0,0,0,0,0,0,0,0,0,0,0,0,0,0,0,0,0,0,0,0,0,0,0,0,0,0,0,0,0,0,0,0,0,0,0,0,0,65273151.3,412777843.6,0,0,0,301.51,0,12,0.007,0,0.15,0.8,0,0,0,0,4,0
Georgia,GEO,0,0,0,0,0,0,0,0,0,0,0,0,0,0,0,0,0,0,0,0,0,0,0,0,0,0,0.12,0.001,0,0.001,0,0,0,0,0,0,0,0,0,0,0,0,0,0,0,0,0,0,0,0,0,0,0,0,0,0,0,0,0,0,0,0,0,0,0,0,0,0,0,0,0,0,0,0,0,0,0,0,0,0,0,0,0,0,0,0,960022620,893962558.6,0,170000000,19.75,500.83,2.75,0,0.031,0,0.43,0.51,0.17,0,0,0,0,0
Germany,DEU,0,0,0,0,0,0,0.004,0,0.032,0.01,0.007,0,0.005,0,0.001,0.003,0,0.001,0.009,0.001,0.001,0,0.002,0,0.007,0,0,0,0,0,0.007,0,0,0,0.013,0,0.048,0.046,0.096,0.007,0.022,0,0.046,0.085,0.004,0.002,0.001,0,0.039,0.001,0.059,0.001,0,0,0,0,0.001,0,0,0,0.038,0.002,0,0,0.001,0.076,0,0,0,0.006,0,0,0,0,0,0,0,0,0.001,0,0,0,0,0,0,0,2.03E+11,1.63E+11,1.26E+11,5780000000,3123.25,8351.96,16235.75,59.5,0,0,0.52,0.48,0.28,0.24,0,0.01,21,4
Ghana,GHA,0,0,0,0,0,0,0,0,0,0,0,0,0,0,0,0,0,0,0,0,0,0,0,0,0,0,0.009,0.065,0,0,0,0,0,0,0,0,0,0,0,0,0,0,0,0,0,0,0,0,0,0,0,0,0,0,0,0,0,0,0,0,0,0,0,0,0,0,0.001,0,0,0,0,0,0,0,0,0,0,0,0,0,0,0,0,0,0,0.003,2022245245,5999172071,0,930000000,146.5,2910.48,24,12.5,0.008,0.007,0.27,0.74,0.04,0,0.38,0,57,1
Greece,GRC,0,0,0,0,0,0,0,0,0,0,0,0,0,0,0,0,0,0,0,0,0,0,0,0,0,0,0,0,0,0,0,0,0,0,0,0,0,0,0,0,0,0,0,0,0,0,0,0,0,0,0,0,0,0,0,0,0,0,0,0,0,0,0,0,0,0,0,0,0,0,0,0,0,0,0,0,0,0,0,0,0,0,0,0,0,0,2551601456,4359991074,804750000,1820000000,44.75,2043.82,10.5,12.5,0,0,0.46,0.52,0.14,0,0,0,4,2
Grenada,GRD,0,0,0,0,0,0,0,0,0,0,0,0,0,0,0,0,0,0,0,0,0,0,0,0,0,0,0,0,0,0,0,0,0,0,0,0,0,0,0,0,0,0,0,0,0,0,0,0,0,0,0,0,0,0,0,0,0,0,0,0,0,0,0,0,0,0,0,0,0,0,0,0,0,0,0,0,0,0,0,0,0,0,0,0,0,0,164720068.6,10091714.8,0,0,2271.75,183.52,4.5,0,0.002,0.007,0.25,0.8,0,0,0,0,9,0
Guatemala,GTM,0,0,0.001,0,0,0,0,0,0,0,0,0,0,0,0,0,0.006,0,0,0,0,0,0,0,0,0,0,0,0,0,0,0,0,0,0,0,0,0,0,0,0,0,0,0,0.005,0,0,0,0,0,0,0,0,0,0,0,0,0,0,0,0.053,0.006,0,0,0,0,0.001,0,0,0,0,0,0,0,0,0,0.024,0.01,0,0,0,0,0,0,0,0,14383993063,1968562292,0,0,0,1221.1,0,0,0.006,0,0.3,0.71,0,0,0,0,4,0
Guinea,GIN,0,0,0,0,0,0,0,0,0,0,0,0,0,0,0,0,0,0,0,0,0,0,0,0,0,0,0,0,0,0,0,0,0,0,0,0,0,0,0,0,0,0,0,0,0,0,0,0,0,0,0,0,0,0,0,0,0,0,0,0,0,0,0,0,0,0,0,0,0,0,0,0,0,0,0,0,0,0,0,0,0,0,0,0,0,0,224957501.4,1583716972,0,1497500000,0,87.99,0,0,0.007,0.009,0.23,0.8,0,0,0,0,7,0
Guinea-Bissau,GNB,0,0,0,0,0,0,0,0,0,0,0,0,0,0,0,0,0,0,0,0,0,0,0,0,0,0,0,0,0,0,0,0,0,0,0,0,0,0,0,0,0,0,0,0,0,0,0,0,0,0,0,0,0,0,0,0,0,0,0,0,0,0,0,0,0,0,0,0,0,0,0,0,0,0,0,0,0,0,0,0,0,0,0,0,0,0,7034369.13,37329250,0,185000000,0,13.95,0,10.25,0.011,0.001,0.25,0.77,0,0,0,0,2,0
Guyana,GUY,0,0,0,0,0,0,0,0,0,0,0,0,0,0,0,0,0.008,0,0,0,0,0,0,0,0,0,0,0,0,0,0,0,0,0,0,0,0,0,0,0,0,0,0,0,0,0,0,0,0,0,0,0,0,0,0,0,0,0,0,0,0,0,0,0,0,0,0,0,0,0,0,0,0,0,0,0,0.001,0,0,0,0,0,0,0,0,0,1063413361,206134766.8,0,0,0,242.06,0,0,0.011,0.013,0.22,0.8,0,0,0,0,1,0
Haiti,HTI,0,0,0,0,0,0,0,0,0,0,0,0,0,0,0,0,0,0,0,0,0,0,0,0,0,0,0,0,0,0,0,0,0,0,0,0,0,0,0,0,0,0,0,0,0,0,0,0,0,0,0,0,0,0,0,0,0,0,0,0,0,0,0,0,0,0,0,0,0,0,0,0,0,0,0,0,0,0,0,0,0,0,0,0,0,0,2969220944,437976176.6,0,240000000,0,962.34,0,0,0.155,0,0.35,0.78,0,0,0,0,4,0
Honduras,HND,0,0,0,0,0,0,0,0,0,0,0,0,0,0,0,0,0.004,0,0,0,0,0,0,0,0,0,0,0,0,0,0,0,0,0,0,0,0,0,0,0,0,0,0,0,0,0,0,0,0,0,0,0,0,0,0,0,0,0,0,0,0.04,0.001,0,0,0,0,0.003,0,0,0,0,0,0,0,0,0,0.01,0,0,0,0,0,0,0,0,0,13638901137,877695759.4,1202500000,0,78.75,1823.23,3.25,0,0.01,0,0.3,0.64,0.05,0,0,0,3,0
Hungary,HUN,0,0,0,0,0,0,0,0,0,0,0,0,0,0,0,0,0,0,0,0,0,0,0,0,0,0,0,0,0,0,0,0,0,0,0,0,0,0,0,0,0,0,0,0,0,0,0,0,0,0,0,0,0,0,0,0,0,0,0,0,0,0,0,0,0,0,0,0,0,0,0,0,0,0,0,0,0,0,0,0,0,0,0,0,0,0,8119036307,8903596966,6890250000,210000000,527.75,684.65,680.5,6.25,0,0,0.51,0.48,0.09,0,0,0,8,1
Iceland,ISL,0,0,0,0,0,0,0,0,0,0,0,0,0,0,0,0,0,0,0,0,0,0,0,0,0,0,0,0,0,0,0,0,0,0,0,0,0,0,0,0,0,0,0,0,0,0,0,0,0,0,0,0,0,0,0,0,0,0,0,0,0,0,0,0,0,0,0,0,0,0,0,0,0,0,0,0,0,0,0,0,0,0,0,0,0,0,1070429472,213495681.4,0,0,85,373.53,24,0,0,0,0.47,0.52,0,0,0,0,17,0
India,IND,0.005,0.001,0.037,0,0,0,0,0,0,0,0.014,0.026,0.001,0,0,0.021,0,0,0.004,0,0.015,0,0.001,0,0,0,0.006,0.001,0,0,0,0,0,0.001,0,0,0,0,0,0,0.002,0.001,0,0,0,0,0,0,0.001,0,0.011,0,0,0,0.004,0.006,0,0.011,0,0,0.002,0.001,0,0,0,0,0,0.002,0,0,0,0,0.024,0,0.001,0,0.001,0,0.001,0,0,0,0,0,0,0,84161000000,72424976531,37923500000,1857500000,983.5,109664.07,405.75,284.5,0,0,0.17,0.73,0.16,0,0,0,1,14
Indonesia,IDN,0,0,0,0,0,0,0,0,0,0,0,0,0,0,0,0.001,0,0,0,0,0,0,0,0,0,0,0.001,0,0,0,0,0,0,0,0,0,0,0,0,0,0,0,0,0,0,0,0.086,0.01,0,0,0,0,0,0,0,0,0,0.034,0,0,0.047,0.061,0,0,0,0,0.504,0.601,0,0,0,0,0,0,0,0,0.002,0,0,0,0.001,0.025,0,0.012,0.002,0.002,32690000000,60598200171,15376500000,5877500000,0,8274.12,0,246.75,0.001,0.001,0.19,0.77,0.15,0,0.07,0,15,14
Iran,IRN,0,0.001,0,0.001,0,0,0,0,0,0,0,0.032,0,0,0,0.001,0,0,0,0,0,0,0,0,0,0,0,0,0,0,0,0,0,0,0,0,0,0,0,0,0,0,0,0,0,0,0,0,0,0,0,0,0,0,0,0,0,0,0,0,0,0,0,0,0,0,0,0,0,0,0,0,0,0,0,0,0,0,0,0,0,0,0,0,0,0.05,403567698.8,38695874421,0,2722500000,9.25,10025.49,50.75,34.25,0,0.001,0.12,0.79,0,0,0.06,0,24,4
Iraq,IRQ,0,0,0,0,0,0,0,0,0,0,0,0,0,0,0,0,0,0,0,0,0,0,0,0,0,0,0,0,0,0,0,0,0,0,0,0,0,0,0,0,0,0,0,0,0,0,0,0,0,0,0,0,0,0,0,0,0,0,0,0,0,0,0,0,0,0,0,0,0,0,0,0,0,0,0,0,0,0,0,0,0,0,0,0,0.024,0.057,12758959564,22864689467,0,1127500000,0,1487.42,0,1,0.016,0,0.19,0.81,0.54,0,0,0,0,0
Ireland,IRL,0,0,0,0,0,0,0,0,0,0,0,0,0.016,0,0,0,0,0,0,0,0,0,0,0,0,0,0,0,0,0,0,0,0,0,0,0,0,0,0,0,0,0,0,0,0,0,0,0,0,0,0,0,0,0,0,0,0,0,0,0,0,0,0,0,0,0.004,0,0,0,0.001,0,0,0,0,0,0,0,0,0,0,0,0,0,0,0,0,54513000000,7884038355,3.62E+11,3400000000,1317,1049.94,1741.25,0.5,0,0,0.43,0.5,0,0,0,0,2,0
Israel,ISR,0,0,0.002,0,0,0,0,0,0,0,0,0,0,0,0,0,0,0,0,0,0.002,0,0,0,0.104,0,0,0,0,0,0,0,0,0,0,0,0,0,0,0,0,0,0,0,0,0,0,0,0.004,0,0.002,0,0,0,0,0,0,0,0,0,0,0,0,0,0.001,0,0,0,0,0,0,0,0,0,0,0,0,0,0,0,0,0,0,0,0,0,45925000000,11519248510,14407500000,2390000000,1037.5,2254.8,42,3,0.022,0,0.87,0.19,0.45,0.07,0,0,4,0
Italy,ITA,0.001,0,0.006,0,0,0,0,0,0,0,0,0,0,0,0,0,0,0,0.004,0,0,0,0,0,0,0,0,0,0,0,0,0,0,0,0,0,0.121,0.002,0.075,0.003,0.004,0,0.017,0.008,0.002,0.006,0,0,0.013,0,0,0,0,0,0,0,0,0,0,0,0.006,0.009,0,0,0,0.002,0,0,0.001,0,0,0,0.001,0,0,0,0,0,0,0,0,0,0,0,0,0,73431000000,45758112448,30663250000,5222500000,506,4252.11,11863.75,42.75,0,0,0.49,0.51,0.58,0.03,0,0,3,1
Jamaica,JAM,0,0,0,0,0,0,0,0,0,0,0,0,0,0,0,0,0,0,0,0,0,0,0,0,0,0,0,0,0,0,0,0,0,0,0,0,0,0,0,0,0,0,0,0,0,0,0,0,0,0,0,0,0,0,0,0,0,0,0,0,0,0,0,0,0,0,0,0,0,0,0,0,0,0,0,0,0.001,0,0,0,0,0,0,0,0,0,3557093091,586891545.6,0,705000000,0,2516.34,0,0,0.004,0.018,0.26,0.78,0.04,0,0,0,37,0
Japan,JPN,0,0,0.009,0,0,0,0,0.001,0,0.018,0.003,0,0.093,0.004,0.002,0.021,0.001,0.002,0.016,0.007,0,0,0,0.004,0.002,0,0,0,0.001,0,0.03,0.001,0.008,0.008,0,0,0.016,0.046,0.006,0.048,0.102,0.002,0.001,0.029,0,0.005,0.001,0.001,0.204,0.003,0.006,0.001,0,0,0,0.002,0,0,0,0,0,0.002,0,0,0,0,0,0,0,0,0,0,0,0,0,0,0,0,0,0,0,0,0,0,0,0,2.46E+11,2.96E+11,1.16E+11,1453333333,2041.75,16904.97,82681.5,36.75,0,0,0.41,0.53,0.91,0,0,0,7,6
Jordan,JOR,0,0,0,0,0,0,0,0,0,0,0,0,0,0,0,0,0,0,0,0,0,0,0,0,0,0,0,0,0,0,0,0,0,0,0,0,0,0,0,0,0,0,0,0,0,0,0,0,0,0,0,0,0,0,0,0,0,0,0,0,0,0,0,0,0,0,0,0,0,0,0,0,0,0,0,0,0,0,0,0,0,0,0,0,0,0,4453091186,3438489137,0,907500000,134,2130.63,156.5,0,0.061,0,0.22,0.77,0.32,0.01,0.03,0,43,0
Kazakhstan,KAZ,0.001,0,0,0.003,0.03,0.018,0,0.011,0,0.084,0.088,0.045,0,0,0,0.017,0,0,0,0,0.013,0.004,0,0,0.003,0,0,0.003,0,0,0,0,0,0,0,0,0,0,0,0,0,0,0,0,0,0,0,0,0.014,0.006,0,0,0.063,0,0,0.021,0,0.006,0,0,0,0,0,0,0,0,0,0,0,0,0,0,0,0,0,0,0,0,0,0.002,0,0,0,0.001,0,0.01,2514113520,19275670830,0,2510000000,4.75,1941.56,866,0.5,0.002,0.006,0.23,0.8,0.01,0,0.01,0,2,11
Kenya,KEN,0,0,0,0,0,0,0,0,0,0,0,0,0,0,0,0,0,0,0,0,0,0,0,0,0,0,0,0,0,0,0,0,0,0,0,0,0,0,0,0,0,0,0,0,0,0,0,0,0,0,0,0,0,0,0,0,0.002,0.034,0,0,0.006,0.001,0,0,0,0,0,0,0,0,0,0,0,0,0,0,0,0,0,0,0,0,0,0,0,0,1919924347,5035448348,0,2570000000,0,3176.81,0,2,0.033,0.018,0.2,0.78,0.26,0,0.35,0,5,0
Kiribati,KIR,0,0,0,0,0,0,0,0,0,0,0,0,0,0,0,0,0,0,0,0,0,0,0,0,0,0,0,0,0,0,0,0,0,0,0,0,0,0,0,0,0,0,0,0,0,0,0,0,0,0,0,0,0,0,0,0,0,0,0,0,0,0,0,0,0,0,0,0,0,0,0,0,0,0,0,0,0,0,0,0,0,0,0,0,0,0,10953802.67,27843203.6,0,0,0,65.86,0,0,0,0,,,0,0,0,0,3,0
Kuwait,KWT,0,0,0,0,0,0,0,0,0,0,0,0,0,0,0,0,0,0,0,0,0,0,0,0,0,0,0,0,0,0,0,0,0,0,0,0,0,0,0,0,0,0,0,0,0,0,0,0,0,0,0,0,0,0,0,0,0,0,0,0,0,0,0,0,0,0,0,0,0,0,0,0,0,0,0,0,0,0,0,0,0,0,0,0,0.014,0.025,12958952026,11676893473,0,1417500000,0,7509.38,0,0,0,0,0.19,0.77,0.91,0,0,0,0,0
Kyrgyzstan,KGZ,0,0,0,0.006,0,0,0,0,0,0,0,0,0,0,0,0,0,0,0,0,0,0,0,0,0,0,0,0,0,0,0,0,0,0,0,0,0,0,0,0,0,0,0,0,0,0,0,0,0,0,0,0,0,0,0,0,0,0,0,0,0,0,0,0,0,0,0,0,0,0,0,0,0,0,0,0,0,0,0,0,0,0,0,0,0,0,91774772.9,5175371515,0,2170000000,0,226.49,273.75,1,0.025,0.063,0.17,0.82,0,0,0,0,2,6
Laos,LAO,0,0,0,0.003,0,0,0,0.003,0,0,0,0,0,0,0,0.001,0,0,0,0,0,0,0,0,0,0,0,0,0,0,0,0,0,0,0,0,0,0,0,0,0,0,0,0,0,0,0,0,0,0,0,0,0,0,0,0,0,0,0,0,0.001,0.004,0,0,0,0,0,0,0,0,0,0,0,0,0,0,0,0.012,0,0,0,0,0,0,0,0,98453222.8,2898806568,0,3492500000,0,52.39,79.25,0,0.003,0.193,0.16,0.79,0,0,0.62,0,3,1
Latvia,LVA,0,0,0,0,0,0,0,0,0,0,0,0,0,0,0,0,0,0,0,0,0,0,0,0,0,0,0,0,0,0,0,0,0,0,0,0,0,0,0,0,0,0,0,0,0,0,0,0,0,0,0,0,0,0,0,0,0,0,0,0,0,0,0,0,0,0,0,0,0,0,0,0,0,0,0,0,0,0,0,0,0,0,0,0,0,0,963086682,1324837429,0,110000000,49.25,268.29,17.75,1.25,0.001,0,0.51,0.49,0.59,0,0,0,1,0
Lebanon,LBN,0,0,0,0,0,0,0,0,0,0,0,0,0,0,0,0,0,0,0,0,0,0,0,0,0,0,0,0,0,0,0,0,0,0,0,0,0,0,0,0,0,0,0,0,0,0,0,0,0,0,0,0,0,0,0,0,0,0,0,0,0,0,0,0,0,0,0,0,0,0,0,0,0,0,0,0,0,0,0,0,0,0,0,0,0,0,2090388639,2324234650,0,0,0,1312.49,0,0,0.011,0,0.19,0.8,0.86,0,0,0,36,0
Lesotho,LSO,0,0,0,0,0,0,0,0,0,0,0,0,0,0,0,0,0,0,0,0,0,0,0,0,0,0,0,0,0,0,0,0,0,0,0,0,0,0,0,0,0,0,0,0,0,0,0,0,0,0,0,0,0,0,0,0,0,0,0,0,0,0,0,0,0,0,0,0,0,0,0,0,0,0,0,0,0,0,0,0,0,0,0,0,0,0,343904537.3,91951703.2,0,0,0,52.39,0,0,0.053,0.004,0.21,0.79,0,0,0,0,2,0
Liberia,LBR,0,0,0,0,0,0,0,0,0,0,0,0,0,0,0,0,0,0,0,0,0,0,0,0,0,0,0,0,0,0,0,0,0,0,0,0,0,0,0,0,0,0,0,0,0,0,0,0,0,0,0,0,0,0,0,0,0,0,0,0,0,0,0,0,0,0,0,0,0,0,0,0,0,0,0,0,0,0,0,0,0,0,0,0,0,0,342119288,1960455590,0,205000000,0,180.71,0,0,0.148,0.012,0.29,0.72,0,0,0,0,0,0
Libya,LBY,0,0,0,0,0,0,0,0,0,0,0,0,0,0,0,0,0,0,0,0,0,0,0,0,0,0,0,0,0,0,0,0,0,0,0,0,0,0,0,0,0,0,0,0,0,0,0,0,0,0,0,0,0,0,0,0,0,0,0,0,0,0,0,0,0,0,0,0,0,0,0,0,0,0,0,0,0,0,0,0,0,0,0,0,0.001,0.004,1582291781,2904403260,0,0,0,1291.29,0,0,0.003,0,0.21,0.79,0,0,0,0,2,0
Lithuania,LTU,0,0,0,0,0,0,0,0,0,0,0,0,0,0,0,0,0,0,0,0,0,0,0,0,0,0,0,0,0,0,0,0,0,0,0,0,0,0,0,0,0,0,0,0,0,0,0,0,0,0,0,0,0,0,0,0,0,0,0,0,0,0,0,0,0,0,0,0,0,0,0,0,0,0,0,0,0,0,0,0,0,0,0,0,0,0,2367607462,1657360745,0,0,71.75,290.76,19.75,3.25,0.001,0,0.51,0.47,0.01,0,0,0,1,0
Luxembourg,LUX,0,0,0,0,0,0,0,0,0,0,0,0,0,0,0,0,0,0,0.002,0,0,0,0,0,0,0,0,0,0,0,0,0,0,0,0,0,0,0,0,0,0,0,0,0,0,0,0,0,0,0,0.043,0,0,0,0,0,0,0,0,0,0,0,0,0,0,0,0,0,0,0,0,0,0,0,0,0,0,0,0,0,0,0,0,0,0,0,3055102251,1903849133,6.28E+11,1330000000,32.5,82.39,62.5,1,0,0,0.49,0.5,0,0,0,0,38,0
Macedonia,MKD,0,0,0,0,0,0,0,0,0,0,0,0,0,0,0,0,0,0,0,0,0,0,0,0,0,0,0,0,0,0,0,0,0,0,0,0,0,0,0,0,0,0,0,0,0,0,0,0,0,0,0,0,0,0,0,0,0,0,0,0,0,0,0,0,0,0,0,0,0,0,0,0,0,0,0,0,0,0,0,0,0,0,0,0,0,0,256086590.7,171881789.2,0,0,2.5,234.34,0,0,0.005,0.011,0.44,0.48,0,0,0,0,4,0
Madagascar,MDG,0,0,0,0,0,0.564,0,0,0,0,0,0.011,0.056,0.001,0,0,0,0,0,0,0,0,0,0,0,0,0,0,0,0,0.04,0.001,0.013,0.004,0,0,0,0,0,0,0,0,0,0,0,0,0,0,0,0,0,0,0.441,0,0,0,0,0.022,0,0,0,0,0,0,0,0,0,0,0,0,0,0,0,0,0,0,0,0,0,0,0,0,0,0,0,0,473109427.3,1012464179,0,715000000,0,130.49,0,0,0.013,0,0.29,0.74,0,0,0,0,12,0
Malawi,MWI,0,0,0,0,0,0,0,0,0,0,0,0,0,0,0,0,0,0,0,0,0,0,0,0,0,0,0,0,0,0,0,0,0,0,0,0,0,0,0,0,0,0,0,0,0,0,0,0,0,0,0,0,0,0,0,0,0,0,0,0,0,0,0,0,0,0,0,0,0,0,0,0,0,0,0,0,0.001,0,0,0,0,0,0,0,0,0,142048246.1,252533468,0,155000000,0,269.47,0,0,0.068,0.006,0.27,0.72,0,0,0,0,2,0
Malaysia,MYS,0,0.001,0,0,0,0,0.002,0,0,0,0,0,0,0,0,0.006,0,0,0,0,0.003,0,0,0,0,0,0.008,0.042,0,0.001,0,0,0.003,0.013,0,0,0,0,0.01,0,0.026,0.041,0,0,0,0,0.157,0.007,0.002,0.027,0,0,0,0.006,0,0.001,0,0.001,0,0,0,0.015,0,0,0,0,0.471,0.395,0,0,0,0,0,0,0,0,0,0.002,0,0,0,0,0,0.013,0,0.002,54764000000,97683070253,15023250000,7240000000,126,7322.29,7372.5,348,0,0,0.23,0.79,0.04,0,0,0,0,10
Maldives,MDV,0,0,0,0,0,0,0,0,0,0,0,0,0,0,0,0,0,0,0,0,0,0,0,0,0,0,0,0,0,0,0,0,0,0,0,0,0,0,0,0,0,0,0,0,0,0,0,0,0,0,0,0,0,0,0,0,0,0,0,0,0,0,0,0,0,0,0,0,0,0,0,0,0,0,0,0,0,0,0,0,0,0,0,0,0,0,84006268.7,198443152.8,0,425000000,0,35.16,0,0,0.003,0.019,0.26,0.78,0,0,0,0,23,0
Mali,MLI,0,0,0,0,0,0,0,0,0,0,0,0,0,0,0,0,0,0,0,0,0,0,0,0,0,0,0,0,0,0,0,0,0,0,0,0,0,0,0,0,0,0,0,0,0,0,0,0,0,0,0,0,0,0,0,0,0,0,0,0,0,0,0,0,0,0,0,0,0,0,0,0,0,0,0,0,0,0,0,0,0,0,0,0,0,0,102776805,410742733.4,0,925000000,0,339.1,0,0,0.034,0.014,0.2,0.79,0,0,0,0,0,0
Malta,MLT,0,0,0,0,0,0,0,0,0,0,0,0,0,0,0,0,0,0,0,0,0,0,0,0,0,0,0,0,0,0,0,0,0,0,0,0,0,0,0,0,0,0,0,0,0,0,0,0,0,0,0,0,0,0,0,0,0,0,0,0,0,0,0,0,0,0,0,0,0,0,0,0,0,0,0,0,0,0,0,0,0,0,0,0,0,0,1272366947,2863543675,0,440000000,48.75,37.03,17.75,0,0.001,0,0.42,0.52,0,0,0,0,2,0
Mauritania,MRT,0,0,0,0,0,0,0,0,0,0,0,0,0,0,0,0,0,0,0,0,0,0,0,0,0,0,0,0,0,0,0,0,0,0,0,0,0,0,0,0,0,0,0,0,0,0,0,0,0,0,0,0,0,0,0,0,0,0,0,0,0,0,0,0,0,0,0,0,0,0,0,0,0,0,0,0,0,0,0,0,0,0,0,0,0,0,325011068.4,1806883608,0,0,0,74.83,0,0,0.013,0.012,0.19,0.77,0.04,0,0.64,0,5,0
Mauritius,MUS,0,0,0,0,0,0,0,0,0,0,0,0,0,0,0,0,0,0,0,0,0,0,0,0,0,0,0,0,0,0,0,0,0,0,0,0,0,0,0,0,0,0,0,0,0,0,0,0,0,0,0,0,0,0,0,0,0,0,0,0,0,0,0,0,0,0,0,0,0,0,0,0,0,0,0,0,0.001,0,0,0,0,0,0,0,0,0,454271190.7,767980610,0,0,1.75,230.67,3.5,0,0,0.001,0.2,0.77,0.02,0,0,0,8,0
Mexico,MEX,0.003,0,0.042,0.001,0.005,0,0.033,0.001,0.026,0.039,0.001,0,0.001,0,0.042,0.003,0.128,0,0.021,0,0.064,0,0,0,0.033,0,0.052,0.002,0.039,0.013,0.289,0,0,0,0,0,0,0,0.001,0,0,0,0,0,0.366,0,0.003,0,0.01,0,0.028,0,0,0,0.109,0.001,0.003,0,0.013,0,0.044,0,0,0,0.015,0,0.001,0,0.001,0,0,0,0,0,0,0,0.127,0,0,0,0,0,0,0,0.031,0.001,6.9E+11,43368575266,1.02E+11,577500000,0,14908.54,0,13,0.001,0,0.28,0.71,0.62,0,0,0,3,0
Micronesia,FSM,0,0,0,0,0,0,0,0,0,0,0,0,0,0,0,0,0,0,0,0,0,0,0,0,0,0,0,0,0,0,0,0,0,0,0,0,0,0,0,0,0,0,0,0,0,0,0,0,0,0,0,0,0,0,0,0,0,0,0,0,0,0,0,0,0,0,0,0,0,0,0,0,0,0,0,0,0,0,0,0,0,0,0,0,0,0,71215369,20433894,0,1290000000,0,48.57,0,0,0.674,0,0.79,0.32,0,0,0,0,13,0
Moldova,MDA,0,0,0,0,0,0,0,0,0,0,0,0,0,0,0,0,0,0,0,0,0,0,0,0,0,0,0,0,0,0,0,0,0,0,0,0,0,0,0,0,0,0,0,0,0,0,0,0,0,0,0,0,0,0,0,0,0,0,0,0,0,0,0,0,0,0,0,0,0,0,0,0,0,0,0,0,0,0,0,0,0,0,0,0,0,0,83662045.5,125103563,0,0,13,315.86,3.25,0,0.018,0.002,0.43,0.49,0,0,0,0,0,0
Mongolia,MNG,0,0,0,0,0,0,0,0,0,0,0,0,0,0,0,0.001,0,0,0,0,0,0,0,0,0,0,0,0.001,0.001,0.026,0,0,0,0,0,0,0,0,0,0,0,0,0,0,0,0,0,0,0,0,0,0,0,0,0,0,0,0,0,0,0,0,0,0,0,0,0,0,0,0,0,0,0,0,0,0,0,0,0,0,0,0.006,0,0,0,0.002,232918153.8,5931550040,0,0,7,1404.94,551,8,0.009,0.021,0.24,0.77,0,0,0,0,16,5
Montenegro,MNE,0,0,0,0,0,0,0,0,0,0,0,0,0,0,0,0,0,0,0,0,0,0,0,0,0,0,0,0,0,0,0,0,0,0,0,0,0,0,0,0,0,0,0,0,0,0,0,0,0,0,0,0,0,0,0,0,0,0,0,0,0,0,0,0,0,0,0,0,0,0,0,0,0,0,0,0,0,0,0,0,0,0,0,0,0,0,27892098.3,162268409.2,0,1120000000,0,107.74,0,0,0.004,0.046,0.47,0.51,0,0,0,0,5,0
Morocco,MAR,0,0,0,0.001,0,0,0,0,0,0,0,0,0.018,0.001,0,0,0,0,0,0,0,0,0,0,0,0,0.002,0.004,0,0,0,0,0,0,0,0,0,0,0,0,0,0,0,0,0,0,0,0,0,0,0,0,0,0,0,0,0,0,0,0,0,0,0,0,0,0,0,0,0,0,0,0,0,0,0,0,0,0,0,0,0,0,0,0,0,0,4542984561,3632466598,0,870000000,25,1341.72,21.25,1.75,0.003,0.002,0.22,0.8,0.39,0,0,0,10,0
Mozambique,MOZ,0,0,0,0,0,0,0,0,0,0,0,0.002,0,0,0,0,0,0,0,0,0,0,0,0,0,0,0,0,0,0,0,0,0,0,0,0,0,0,0,0,0,0,0,0,0,0,0,0,0,0,0,0,0,0,0,0,0,0.068,0,0,0,0,0,0,0,0,0,0,0,0,0,0,0,0,0,0,0.001,0,0,0,0,0,0,0,0,0,530139657,2257349113,0,883333333.3,2.5,100.59,1.5,11,0.05,0.026,0.2,0.79,0,0,0.19,0,8,0
Myanmar,MMR,0,0,0,0.006,0,0,0,0,0,0,0,0,0,0,0,0.001,0,0,0,0,0,0,0,0,0,0,0,0.01,0,0.001,0,0,0,0,0,0,0,0,0,0,0,0.039,0,0,0,0,0,0.001,0,0,0,0,0,0,0,0,0,0,0,0,0,0.001,0,0.001,0,0,0,0,0,0,0,0,0,0.001,0,0,0,0.055,0,0,0,0,0,,0,0,471772376,15204972097,0,1510000000,0,1104.89,0,37.25,0.002,0.001,0.2,0.77,0,0,0.73,0,2,1
Namibia,NAM,0,0,0,0,0,0,0,0,0,0,0,0,0,0,0,0,0,0,0,0,0,0,0,0,0,0,0,0.002,0,0,0,0,0,0,0,0,0,0,0,0,0,0,0,0,0,0,0,0,0,0,0,0,0.08,0.314,0,0.002,0,0,0,0,0,0,0,0,0,0,0,0,0,0,0,0,0,0,0,0,0,0,0,0,0,0,0,0,0,0,509220465,661642269.4,0,1370000000,1.25,70.4,6.5,1.75,0.018,0.005,0.18,0.78,0,0,0.86,0,1,1
Nepal,NPL,0,0,0,0,0,0,0,0,0,0,0,0,0,0,0,0,0,0,0,0,0,0,0,0,0,0,0,0,0,0,0,0,0,0,0,0,0,0,0,0,0,0,0,0,0,0,0,0,0,0,0,0,0,0,0,0,0,0,0,0,0,0,0,0,0,0,0,0,0,0,0,0,0,0,0,0,0,0,0,0,0,0,0,0,0,0,164824416,1464566350,0,440000000,0,8507,0,12.25,0.009,0.008,0.23,0.78,0,0,0.31,0,0,4
Netherlands,NLD,0,0,0.001,0,0,0,0.001,0,0,0.014,0.003,0,0.002,0,0,0,0,0,0.007,0,0.002,0,0,0,0.002,0,0.001,0,0.001,0.001,0.001,0,0.001,0.001,0.002,0.003,0,0,0,0.013,0.001,0,0,0,0,0,0.004,0,0.002,0.001,0.006,0,0,0,0,0.003,0.001,0,0,0,0.001,0.001,0,0,0.002,0.009,0,0,0.001,0.002,0,0,0,0,0,0,0.001,0,0,0,0,0,0,0,0,0,87697000000,71660042300,8.55E+11,3466666667,484.25,1913.17,3591.25,33.5,0,0,0.49,0.48,0.38,0.11,0,0,4,0
New Zealand,NZL,0.001,0,0,0,0,0,0,0,0,0,0,0,0,0,0,0,0,0,0.001,0,0,0,0,0,0,0,0,0,0,0,0,0,0,0,0,0,0,0,0,0,0,0,0,0,0,0,0,0,0,0,0,0,0,0,0,0,0,0,0.017,0.01,0,0,0,0,0.003,0.289,0,0,0,0,0,0,0,0,0,0,0,0,0,0,0,0,0,0,0,0,10334363464,12905005872,11081000000,522500000,2321.58,1391.44,14451.55,8.75,0,0,0.41,0.51,0.68,0,0,0,49,4
Nicaragua,NIC,0,0,0,0,0,0,0,0,0,0,0,0,0,0,0,0,0.01,0,0,0,0,0,0,0,0,0,0,0,0,0,0,0,0,0,0,0,0,0,0,0,0,0,0,0,0.001,0,0,0,0,0,0,0,0,0,0,0,0,0,0.003,0,0.04,0,0,0,0,0,0,0,0,0,0,0,0,0,0,0,0.011,0,0,0,0,0,0,0,0,0,5336111983,644349025.2,0,0,0,426.67,0,0,0.009,0,0.15,0.8,0,0,0,0,20,0
Niger,NER,0,0,0,0,0,0,0,0,0,0,0,0,0,0,0,0,0,0,0,0,0,0,0,0,0,0,0,0,0,0,0,0,0,0,0,0,0,0,0,0,0,0,0,0,0,0,0,0,0,0,0,0,0.043,0.229,0,0,0,0,0,0,0,0,0,0,0,0,0,0,0,0,0,0,0,0,0,0,0,0,0,0,0,0,0,0,0,0,100476601.2,251786855,0,140000000,0,209.9,0.25,0,0.03,0.036,0.22,0.8,0.42,0,0,0,4,0
Nigeria,NGA,0,0,0,0,0,0,0,0,0,0,0,0,0,0,0,0,0,0,0,0,0,0,0,0,0,0,0,0,0,0,0,0,0,0,0,0,0,0,0,0,0,0,0,0,0,0,0,0,0,0,0,0,0,0,0,0,0,0.003,0,0,0,0,0,0,0,0,0,0,0,0,0,0,0,0,0,0,0,0,0,0,0,0,0,0.001,0.01,0.002,12491809117,14195750438,5219750000,5712500000,0,8871.3,0,21,0.002,0.001,0.22,0.79,0.16,0,0.24,0,1,2
North Korea,PRK,0,0,0,0,0,0,0,0,0,0.001,0,0,0,0,0,0,0,0,0,0,0,0,0,0,0,0,0,0,0,0.005,0,0.085,0,0,0,0,0,0,0,0,0,0,0,0,0,0.001,0,0,0,0,0,0,0,0,0,0.002,0,0,0,0,0,0,0,0,0,0,0,0,0,0,0,0,0,0,0,0,0,0,0,0,0,0.004,0,0,0,0,0,5762072160,0,0,0,16.63,0,0.75,0,0,0.08,0.79,0,0,0,0,6,0
Norway,NOR,0.001,0,0,0,0,0,0,0,0,0,0,0,0.141,0,0,0.001,0,0,0,0,0,0,0,0,0,0,0.082,0,0,0,0,0,0.043,0.01,0,0,0.03,0,0.025,0,0,0,0.005,0,0,0,0,0,0,0,0,0,0,0,0,0,0,0,0,0,0,0,0,0,0,0,0,0,0,0,0,0,0,0,0,0,0,0,0,0,0,0,0,0,0.002,0.001,12537982009,6371187992,31230500000,680000000,218.5,2225.44,708.5,15.5,0,0,0.46,0.5,0.72,0.07,0,0,0,0
Oman,OMN,0.001,0.001,0,0,0,0,0,0,0,0,0.002,0.033,0,0,0,0,0,0,0,0,0,0,0,0,0,0,0,0.001,0,0,0,0,0,0,0,0,0,0,0,0,0,0,0,0,0,0,0,0,0,0,0,0,0,0,0,0,0,0,0,0,0,0,0,0,0,0,0,0,0,0,0,0,0,0,0,0,0,0,0,0,0,0,0,0,0.001,0.054,4315573173,19170991951,0,1585000000,17.75,1896.84,3,0,0,0,0.19,0.81,0.37,0,0,0,37,1
Pakistan,PAK,0,0,0,0.001,0,0,0,0,0,0,0,0.028,0,0,0,0,0,0,0,0,0,0,0,0,0,0,0,0,0,0,0,0,0,0,0,0,0,0,0,0,0,0,0,0,0,0,0,0,0,0,0.001,0,0,0,0,0,0,0.029,0,0,0,0,0,0,0,0,0,0,0,0,0,0,0.004,0.003,0,0,0.003,0,0,0,0,0,0,0,0,0,7073424211,17672139043,0,9635000000,0,5162.37,0,144,0.013,0.015,0.18,0.82,0.13,0,0.7,0,1,16
Panama,PAN,0,0,0,0,0,0,0,0,0,0,0,0,0,0,0,0,0.001,0,0,0,0.001,0,0,0,0,0,0,0,0,0,0,0,0,0,0,0,0,0,0,0,0,0,0,0,0,0,0,0,0,0,0,0,0,0,0,0,0,0,0,0,0.001,0,0,0,0,0,0,0,0,0,0,0,0,0,0,0,0.003,0,0,0,0,0,0,0,0,0,14140280227,8475106687,4491000000,503333333.3,0,1437.45,0,0.75,0.001,0,0.31,0.66,0,0,0,0,5,0
Papua New Guinea,PNG,0,0,0,0,0,0,0,0,0,0,0,0,0,0,0,0,0,0,0,0,0,0,0,0,0,0,0,0,0,0,0,0,0,0,0,0,0,0,0,0,0,0,0,0,0,0,0,0,0,0,0,0,0,0,0,0,0,0,0,0,0.009,0.001,0,0,0,0,0,0,0,0,0,0,0,0,0,0,0,0,0,0,0,0,0,0.005,0,0,359182952,2255187699,0,697500000,0,87.4,0,0,0.001,0.002,0.26,0.66,0,0,0,0,8,0
Paraguay,PRY,0,0,0,0,0,0,0,0,0,0,0,0,0,0,0,0,0.001,0,0,0,0,0,0,0,0,0,0,0,0,0,0,0,0,0,0,0,0,0,0,0,0,0,0,0,0,0,0,0,0,0,0,0,0,0,0,0,0,0,0,0,0,0,0,0,0.001,0,0,0,0,0,0,0,0,0,0,0,0.008,0,0,0,0,0,0,0,0,0,3608020205,1392828830,0,0,0,498.47,0,0,0.002,0,0.29,0.6,0,0,0,0,4,0
Peru,PER,0,0,0.01,0.003,0,0,0.019,0.001,0.014,0.02,0,0,0,0,0.007,0.013,0.06,0,0,0,0.012,0,0,0.001,0,0,0,0,0.147,0.009,0,0,0,0,0,0,0,0,0,0,0,0,0,0,0.047,0,0.188,0,0,0,0.001,0,0,0,0.063,0.005,0,0,0,0,0.036,0,0,0,0.009,0,0,0,0,0,0,0,0,0,0,0,0.004,0,0,0,0,0,0,0,0,0,21992220785,15790067371,6945500000,4615000000,0,2650.92,0,4.75,0.002,0,0.28,0.73,0.03,0,0.02,0,4,0
Philippines,PHL,0,0,0,0,0.003,0,0,0,0,0,0.001,0.005,0,0,0,0.004,0,0,0,0,0,0,0,0,0,0,0,0,0,0,0,0,0,0,0,0,0,0,0,0,0.002,0,0,0,0,0,0,0,0,0,0,0,0,0,0,0,0,0,0,0,0,0,0,0,0.001,0,0.002,0,0,0,0,0,0,0,0,0,0.011,0.001,0,0,0,0.002,0,0,0,0,24348000000,45336335373,5876500000,2366666667,0,3006.18,0,50.25,0.002,0,0.24,0.78,0.41,0,0,0,12,3
Poland,POL,0,0,0,0,0,0,0,0,0,0.001,0,0,0,0,0,0.009,0,0,0,0,0,0,0,0,0,0,0,0,0,0,0,0,0,0,0,0,0,0,0,0,0,0,0,0,0.022,0,0.009,0,0,0,0.017,0,0,0,0,0,0,0,0,0,0,0,0,0,0,0.007,0,0,0.002,0,0,0.001,0,0,0,0,0.003,0,0,0,0,0,0,0,0,0,12334154774,17588675897,12365250000,260000000,753,1411.3,699,12.25,0,0,0.51,0.48,0.01,0.05,0,0,23,0
Portugal,PRT,0,0,0,0,0,0,0,0,0,0,0,0,0,0,0,0,0,0,0,0,0,0,0,0,0,0,0,0,0,0,0,0,0,0,0,0,0,0,0,0,0,0,0,0,0,0,0,0,0,0,0,0,0,0,0,0,0,0,0,0,0,0,0,0,0,0,0,0,0,0,0,0,0,0,0,0,0,0,0,0,0,0,0,0,0,0,4996407142,4846497283,2020750000,1107500000,212.75,874.12,288,94.5,0,0,0.47,0.52,0.06,0,0,0,47,0
Qatar,QAT,0.015,0,0,0,0,0,0,0,0,0,0,0,0,0,0,0,0,0,0,0,0,0,0,0,0,0,0,0,0,0,0,0,0,0,0,0,0,0,0,0,0,0,0,0,0,0,0,0,0,0,0,0,0,0,0,0,0,0,0,0,0,0,0,0,0,0,0,0,0,0,0,0,0,0,0,0,0,0,0,0,0,0,0,0.031,0,0.001,8846156786,8253128919,0,1023333333,194.5,1275.62,8.25,0,0,0,0.2,0.76,0.64,0,0,0,14,0
ROC,COG,0,0,0,0,0,0,0,0,0,0,0,0,0,0.009,0.001,0.001,0,0,0,0,0,0,0,0,0,0,0,0,0,0,0,0,0,0,0,0,0,0,0,0,0,0,0,0,0,0,0,0,0,0,0,0,0,0,0,0,0,0,0,0,0,0,0,0,0,0,0,0,0,0,0,0,0,0,0,0,0,0,0,0,0,0,0,0,0,0.012,784196231,4829568266,0,2250000000,0,304.52,0.5,0.75,0.001,0.014,0.21,0.8,0,0,0,0,3,0
Romania,ROU,0,0,0,0,0,0,0,0,0,0,0,0,0,0,0,0,0,0,0,0,0,0,0,0,0,0,0,0,0,0,0,0,0,0,0,0,0,0,0,0,0,0,0,0,0,0,0,0,0,0,0,0,0,0,0,0,0,0,0,0,0,0,0,0,0,0,0,0,0,0,0,0,0,0,0,0,0,0,0,0,0,0,0,0,0,0,3468392640,4747248911,0,270000000,150.25,1215.94,89.25,5.5,0,0,0.49,0.5,0.09,0,0,0,4,0
Russia,RUS,0.069,0.001,0,0.042,0,0,0,0,0,0.031,0.031,0.001,0.05,0.007,0,0.004,0,0,0.036,0,0.008,0,0,0,0.015,0,0.006,0,0,0,0,0,0.032,0.102,0,0,0.211,0.124,0.018,0.047,0.003,0.003,0.067,0.053,0.001,0.001,0,0,0.028,0.004,0.009,0.001,0,0,0,0,0.007,0,0,0,0,0,0,0,0,0,0,0,0,0,0,0,0,0,0,0.004,0,0,0,0,0,0.006,0,0.001,0.002,0.074,34272000000,81273126214,12106000000,5790000000,120.75,4983.08,7108,35.75,0,0,0.26,0.72,0,0,0,0.61,38,30
Rwanda,RWA,0,0,0,0,0,0,0,0,0,0,0,0,0,0,0,0,0,0,0,0,0,0,0,0,0,0,0,0,0,0,0,0,0,0,0,0,0,0,0,0,0,0,0,0,0,0,0,0,0,0,0.001,0,0,0,0,0,0,0,0,0,0.003,0,0,0,0,0,0,0,0,0,0,0,0,0,0,0,0,0,0,0,0,0,0,0,0,0,103937319.9,182896730.6,0,355000000,0,785.43,0,0,0.048,0.006,0.26,0.64,0,0,0,0,3,0
Sao Tome and Principe,STP,0,0,0,0,0,0,0,0,0,0,0,0,0,0,0,0,0,0,0,0,0,0,0,0,0,0,0,0,0,0,0,0,0,0,0,0,0,0,0,0,0,0,0,0,0,0,0,0,0,0,0,0,0,0,0,0,0,0,0,0,0,0,0,0,0,0,0,0,0,0,0,0,0,0,0,0,0,0,0,0,0,0,0,0,0,0,3723354.27,5981483,0,800000000,0,2.12,0,5,0.004,0,0.11,0.87,0,0,0,0,1,0
Saudi Arabia,SAU,0.006,0,0,0,0,0,0,0,0,0,0,0,0,0,0,0,0,0,0,0,0,0,0,0,0,0,0.006,0,0,0,0,0,0,0,0,0,0,0,0,0,0,0,0,0,0,0,0,0,0,0,0.001,0,0,0,0,0,0.001,0,0,0,0,0,0,0,0,0,0,0,0,0,0,0,0,0,0,0,0,0,0,0,0,0,0,0,0.066,0.093,62804000000,57064315645,10123750000,2360000000,0,51483.85,813,0,0,0,0.22,0.76,0.52,0,0,0,4,2
Senegal,SEN,0,0,0,0,0,0,0,0,0,0,0,0,0,0,0,0,0,0,0,0,0,0,0,0,0,0,0,0,0,0,0,0,0,0,0,0,0,0,0,0,0,0,0,0,0,0,0,0,0,0,0,0,0,0,0,0,0.075,0.009,0,0,0,0,0,0,0,0,0,0,0,0,0,0,0,0,0,0,0,0,0,0,0,0,0,0,0,0,380206604.4,1916586674,0,1203333333,0,634.02,0,0.5,0.023,0.001,0.24,0.8,0,0,0.24,0,4,0
Serbia,SRB,0,0,0,0,0,0,0,0,0,0,0,0,0,0,0,0,0,0,0,0,0,0,0,0,0,0,0,0,0,0,0,0,0,0,0,0,0,0,0,0,0,0,0,0,0,0,0,0,0,0,0,0,0,0,0,0,0,0,0,0,0,0,0,0,0,0,0,0,0,0,0,0,0,0,0,0,0,0,0,0,0,0,0,0,0,0,595533320,609951895,0,1590000000,14.5,997.3,8.5,0,0.002,0.007,,,0,0,0,0,5,1
Seychelles,SYC,0,0,0,0,0,0,0,0,0,0,0,0,0,0,0,0,0,0,0,0,0,0,0,0,0,0,0,0,0,0,0,0,0,0,0,0,0,0,0,0,0,0,0,0,0,0,0,0,0,0,0,0,0,0,0,0,0,0,0,0,0,0,0,0,0,0,0,0,0,0,0,0,0,0,0,0,0,0,0,0,0,0,0,0,0,0,31095211.1,49709937,0,0,0,17.97,0,0,0.001,0.01,0.19,0.79,0.04,0,0.43,0,14,0
Sierra Leone,SLE,0,0,0,0,0,0,0,0,0,0,0,0,0,0,0,0,0,0,0,0,0,0,0,0,0,0,0,0,0,0,0,0,0,0,0,0,0,0,0,0,0,0,0,0,0,0,0,0,0,0,0,0,0,0,0,0,0,0.035,0,0,0,0,0,0,0,0,0,0,0,0,0,0,0,0,0,0,0,0,0,0,0,0,0,0,0,0,167873781.6,990095596.4,0,546666666.7,0,145.71,0,0,0.014,0.025,0.26,0.79,0,0,1,0,3,0
Singapore,SGP,0.003,0,0.004,0,0,0,0,0,0,0,0,0,0.002,0,0,0.004,0.001,0.006,0,0,0,0,0,0,0,0,0,0,0,0,0,0,0.002,0.013,0,0.05,0,0,0.019,0,0,0,0,0,0,0,0.036,0.003,0.004,0,0.001,0,0,0,0,0,0,0,0,0,0.001,0.003,0,0,0,0.001,0.004,0,0,0,0,0,0,0,0,0,0,0,0,0,0,0,0,0,0,0,66714000000,76987723291,2.53E+11,6362500000,0,4480.56,0,66.5,0,0,0.23,0.79,0.8,0,0,0,2,7
Slovak Republic,SVK,0,0,0,0,0,0,0,0,0,0,0,0,0,0,0,0,0,0,0,0,0,0,0,0,0,0,0,0,0,0,0,0,0,0,0,0,0,0,0,0,0,0,0,0,0,0,0,0,0,0,0,0,0,0,0,0,0,0,0,0,0,0,0,0,0,0,0,0,0,0,0,0,0,0,0,0,0,0,0,0,0,0,0,0,0,0,2995080745,5672983637,0,0,25,342.81,29.25,4.25,0,0,0.49,0.49,0,0,0,0,36,0
Slovenia,SVN,0,0,0,0,0,0,0,0,0,0,0,0,0,0,0,0,0,0,0,0,0,0,0,0,0,0,0,0,0,0,0,0,0,0,0,0,0,0,0,0,0,0,0,0,0,0,0,0,0,0,0,0,0,0,0,0,0,0,0,0,0,0,0,0,0,0,0,0,0,0,0,0,0,0,0,0,0,0,0,0,0,0,0,0,0,0,1251454313,2585765320,0,1840000000,7.25,203.23,20,0,0,0,0.49,0.5,1,0,0,0,5,0
Somalia,SOM,0,0,0,0,0,0,0,0,0,0,0,0,0,0,0,0,0,0,0,0,0,0,0,0,0,0,0,0,0,0,0,0,0,0,0,0,0,0,0,0,0,0,0,0,0,0,0,0,0,0,0,0,0,0,0,0,0,0,0,0,0,0,0,0,0,0,0,0,0,0,0,0,0,0,0,0,0,0,0,0,0,0,0,0,0,0,69386667.1,319418673.4,0,0,0,30.32,0,0,0.239,0.002,0.18,0.76,0.17,0,0,0,21,0
South Africa,ZAF,0.006,0,0,0,0,0,0,0,0,0,0.437,0.647,0.021,0.009,0,0.001,0.003,0.054,0.003,0,0,0,0,0,0,0,0.291,0.333,0,0,0,0,0.004,0.007,0,0,0.27,0.099,0.381,0.39,0.015,0,0.44,0.335,0,0.003,0,0,0,0,0.001,0,0,0,0,0,0.243,0.237,0,0,0,0,0,0,0,0,0,0,0,0,0,0,0,0,0,0,0.002,0.001,0,0,0.001,0.001,0,0,0,0.001,17405002614,49154314700,7066250000,810000000,1279.5,1744.98,243,7.75,0.003,0.001,0.19,0.78,0,0,0,0,1,2
South Korea,KOR,0.003,0,0.004,0,0,0,0.024,0.002,0,0.188,0,0,0.001,0.003,0,0.011,0,0.001,0.02,0.005,0.045,0,0.001,0.008,0.009,0,0.039,0,0.014,0.004,0,0,0,0,0,0,0.026,0.001,0.074,0,0.036,0.004,0.023,0.002,0.019,0.009,0,0.001,0.016,0,0.005,0,0,0,0.001,0.008,0,0,0,0,0,0.001,0,0,0.001,0.004,0,0,0,0,0,0,0,0,0,0,0,0.018,0,0,0,0,0,0,0,0,1.44E+11,2.75E+11,39039250000,2030000000,1389.75,64172.83,36333.75,769.5,0,0,0.47,0.5,0.54,0,0,0,4,4
South Sudan,SSD,0,0,0,0,0,0,0,0,0,0,0,0,0,0,0,0,0,0,0,0,0,0,0,0,0,0,0,0,0,0,0,0,0,0,0,0,0,0,0,0,0,0,0,0,0,0,0,0,0,0,0,0,0,0,0,0,0,0,0,0,0,0,0,0,0,0,0,0,0,0,0,0,0,0,0,0,0,0,0,0,0,0,0,0,0,0.009,34500263.5,2449816119,0,1196666667,0,24.24,0,0,0.055,0,0.18,0.46,0.03,0,0.17,0,41,0
Spain,ESP,0.001,0,0,0,0,0,0,0,0,0,0,0,0,0,0,0.001,0,0,0.002,0,0.001,0,0,0,0.002,0,0.021,0,0,0,0,0,0,0,0,0,0,0,0,0,0.001,0,0,0,0,0,0,0,0.004,0,0.002,0,0,0,0.034,0.007,0.002,0.001,0,0,0.001,0,0,0,0,0.003,0,0,0,0.004,0,0,0,0,0,0,0,0,0,0,0,0,0,0,0,0,31698000000,27688960484,34485000000,955000000,459.25,5049.43,743.5,13,0,0,0.49,0.5,0.18,0.03,0,0,0,0
Sri Lanka,LKA,0,0,0,0,0,0,0,0,0,0,0,0,0,0,0,0,0,0,0,0,0.001,0,0,0,0,0,0,0,0,0,0.014,0,0,0,0,0,0,0,0,0,0.011,0,0,0,0,0,0,0,0,0,0,0,0,0,0,0,0,0.01,0,0,0,0,0,0,0,0,0,0,0,0,0,0,0,0,0,0,0,0,0,0,0,0,0,0,0,0,3414282174,4236219020,0,1495000000,9.75,2875.9,68.5,47.25,0.002,0.018,0.2,0.78,0,0,0,0,27,2
Sudan,SDN,0,0,0,0,0,0,0,0,0,0,0,0.001,0,0,0,0,0,0,0,0,0,0,0,0,0,0,0,0,0,0,0,0,0,0,0,0,0,0,0,0,0,0,0,0,0,0,0,0,0,0,0,0,0,0,0,0,0,0,0,0,0,0,0,0,0,0,0,0,0,0,0,0,0,0,0,0,0,0,0,0,0,0,0,0,0,0.003,129140252.8,3303669860,0,2130000000,0,219.16,0,0.5,0.003,0.007,0.15,0.8,0,0,0.24,0,1,0
Suriname,SUR,0,0,0,0,0,0,0,0,0,0,0,0,0,0,0,0,0,0,0,0,0,0,0,0,0,0,0,0,0,0,0,0,0,0,0,0,0,0,0,0,0,0,0,0,0,0,0,0,0,0,0,0,0,0,0,0,0,0,0,0,0,0,0,0,0,0,0,0,0,0,0,0,0,0,0,0,0,0,0,0,0,0,0,0,0,0,907714007,210292591.8,0,0,0,89.49,0,0,0.001,0.004,0.2,0.8,0,0,0,0,1,0
Sweden,SWE,0,0,0,0,0,0,0,0,0,0,0.005,0,0.001,0.001,0,0.001,0,0,0.003,0,0,0,0,0,0,0,0,0,0,0,0,0,0,0,0,0,0,0,0,0,0,0,0,0,0,0,0,0,0.003,0,0.004,0,0,0,0,0,0,0,0,0,0,0,0,0,0,0.002,0,0,0,0,0,0,0,0,0,0,0,0,0,0,0,0,0,0,0,0,16898573352,13727498187,33113500000,4025000000,499.25,4137.4,2418.75,16.75,0,0,0.43,0.49,0.14,0.02,0,0,4,0
Switzerland,CHE,0,0,0,0,0,0,0,0,0,0,0,0,0.001,0,0,0,0.03,0.209,0,0,0,0,0,0,0.001,0,0,0,0,0,0,0,0,0,0,0,0.042,0.12,0.015,0.056,0.002,0,0.001,0,0.002,0.005,0,0,0,0,0.001,0,0,0,0,0,0,0,0,0,0.005,0.002,0,0,0,0.001,0,0,0,0,0,0,0,0,0,0,0,0,0,0,0,0,0,0,0,0,71494000000,45427320377,1.88E+11,12960000000,977.25,1305.73,1348.75,10,0,0,0.41,0.52,0.68,0.06,0,0.06,31,0
Syria,SYR,0,0,0,0,0,0,0,0,0,0,0,0,0,0,0,0,0,0,0,0,0,0,0,0,0,0,0,0,0,0,0,0,0,0,0,0,0,0,0,0,0,0,0,0,0,0,0,0,0,0,0,0,0,0,0,0,0,0,0,0,0,0,0,0,0,0,0,0,0,0,0,0,0,0,0,0,0,0,0,0,0,0,0,0,0,0,24682539.5,946036933.8,0,0,0,679.36,0,0,0,0,0.1,0.79,0,0,0.01,0,4,0
Tajikistan,TJK,0,0,0.001,0.056,0,0,0,0,0,0,0,0,0,0,0,0,0,0,0,0,0,0,0,0,0,0,0,0,0,0,0,0,0,0,0,0,0,0,0,0,0,0,0,0,0,0,0,0,0,0,0,0,0,0,0,0,0,0,0,0,0,0,0,0,0,0,0,0,0,0,0,0,0,0,0,0,0,0,0,0,0,0,0,0,0,0,52919507.9,1885182537,0,0,0.75,265.31,16.25,0.5,0.016,0.019,0.2,0.82,0,0,0,0,0,6
Tanzania,TZA,0,0,0,0,0,0,0,0,0,0,0,0,0,0,0,0,0,0,0,0,0,0,0,0,0,0,0,0,0,0,0,0,0,0,0,0,0,0,0,0,0,0,0,0,0,0,0,0,0,0,0,0,0,0,0,0,0,0,0,0,0.003,0.001,0,0,0,0,0,0,0,0,0,0,0,0,0,0,0,0,0,0,0,0,0,0,0,0,505788339,3993345789,0,2100000000,0,900.46,0,3,0.025,0.015,0.18,0.79,0,0,0.88,0,6,1
Thailand,THA,0,0,0.068,0.006,0,0,0.003,0,0,0,0,0,0,0,0,0,0,0,0.001,0,0.001,0,0,0,0,0,0,0.001,0,0,0,0,0,0,0,0,0,0.039,0,0.019,0,0,0,0,0,0,0.015,0.002,0,0,0,0,0,0,0,0,0,0.011,0,0,0,0,0,0,0,0,0,0.002,0,0,0,0,0.065,0.005,0,0,0.003,0.028,0,0,0,0,0,0,0,0.001,48065000000,75034834693,17278000000,1537500000,208.75,6986.05,2462.25,42.75,0,0,0.25,0.77,0.17,0,0.12,0,3,14
Togo,TGO,0,0,0,0,0,0,0,0,0,0,0,0,0,0,0,0,0,0,0,0,0,0,0,0,0,0,0,0,0,0,0,0,0,0,0,0,0,0,0,0,0,0,0,0,0,0,0,0,0,0,0,0,0,0,0,0,0,0,0,0,0,0,0,0,0,0,0,0,0,0,0,0,0,0,0,0,0,0,0,0,0,0,0,0,0,0,1030219542,2319701810,0,0,0,222.57,0,0,0.002,0.003,0.24,0.67,0,0,0,0,24,0
Tonga,TON,0,0,0,0,0,0,0,0,0,0,0,0,0,0,0,0,0,0,0,0,0,0,0,0,0,0,0,0,0,0,0,0,0,0,0,0,0,0,0,0,0,0,0,0,0,0,0,0,0,0,0,0,0,0,0,0,0,0,0,0,0,0,0,0,0,0,0,0,0,0,0,0,0,0,0,0,0,0,0,0,0,0,0,0,0,0,31912855.9,29676212.4,0,0,0,121.28,0,0,0.007,0.018,0.21,0.61,0,0,0,0,5,0
Trinidad and Tobago,TTO,0,0,0,0,0,0,0,0,0,0,0,0,0,0,0,0,0,0,0.012,0,0,0,0,0,0,0,0,0,0,0,0,0,0,0,0,0,0,0,0,0,0,0,0,0,0,0,0,0,0,0,0,0,0,0,0,0,0,0,0,0,0,0,0,0,0,0,0,0,0,0,0,0,0,0,0,0,0,0,0,0,0,0,0.002,0,0,0,8641498476,524056436.8,0,100000000,0,1471.4,0,0,0,0.001,0.25,0.78,0,0,0.21,0,6,0
Tunisia,TUN,0,0,0,0,0,0,0,0,0,0,0,0,0.001,0,0,0,0,0,0,0,0,0,0,0,0,0,0,0,0,0,0,0,0,0,0,0,0,0,0,0,0,0,0,0,0,0,0,0,0,0,0,0,0,0,0,0,0,0,0,0,0,0,0,0,0,0,0,0,0,0,0,0,0,0,0,0,0,0,0,0,0,0,0,0,0,0,1671064117,1453930293,0,0,1.5,527.05,0.5,0.25,0.003,0,0.22,0.77,0.82,0,0,0,5,0
Turkey,TUR,0,0,0.001,0.003,0,0,0,0,0,0,0.027,0.1,0,0,0,0,0,0,0.015,0,0,0,0,0,0.001,0,0.002,0.004,0,0.002,0,0,0,0,0,0,0,0,0,0.001,0,0,0,0,0,0,0,0,0.001,0,0,0,0,0,0,0,0,0,0,0,0,0,0,0,0,0,0,0,0,0,0,0,0,0,0.001,0,0,0,0,0,0,0,0,0,0,0,25689398718,21634510056,3908500000,960000000,295,10253.54,855,14,0,0,0.42,0.61,0.63,0,0,0,6,2
Turkmenistan,TKM,0,0,0,0,0,0,0,0,0,0,0,0,0,0,0,0,0,0,0,0,0,0,0,0,0,0,0,0,0,0,0,0,0,0,0,0,0,0,0,0,0,0,0,0,0,0,0,0,0,0,0,0,0,0,0,0,0,0,0,0,0,0,0,0,0,0,0,0,0,0,0,0,0,0,0,0,0,0,0,0,0,0,0,0.088,0,0,424538915.4,8397897103,0,600000000,0,203.07,1,0,0.001,0.024,0.19,0.85,0,0,0.31,0,28,0
Tuvalu,TUV,0,0,0,0,0,0,0,0,0,0,0,0,0,0,0,0,0,0,0,0,0,0,0,0,0,0,0,0,0,0,0,0,0,0,0,0,0,0,0,0,0,0,0,0,0,0,0,0,0,0,0,0,0,0,0,0,0,0,0,0,0,0,0,0,0,0,0,0,0,0,0,0,0,0,0,0,0,0,0,0,0,0,0,0,0,0,1355811.4,9810139,0,0,0,3.7,0,0,0.002,0,0.29,0.74,0,0,0,0,1,0
Uganda,UGA,0,0,0,0,0,0,0,0,0,0,0,0,0.001,0,0,0,0,0,0,0,0,0,0,0,0,0,0,0,0,0,0,0,0,0,0,0,0,0,0,0,0,0,0,0,0,0,0,0,0,0,0,0,0,0,0,0,0,0,0,0,0.006,0.005,0,0,0,0,0,0,0,0,0,0,0,0,0,0,0,0,0,0,0,0,0,0,0,0,214878671.2,686667844.6,0,823333333.3,0,753.17,0,1,0.039,0.008,0.15,0.76,0.15,0,0,0,0,0
Ukraine,UKR,0,0,0,0,0,0,0,0,0,0,0,0,0,0,0,0,0,0,0.007,0,0,0,0,0,0,0,0.025,0,0,0,0,0,0,0,0,0,0,0,0,0,0.001,0,0,0,0,0,0,0,0.014,0.015,0,0,0,0,0,0,0,0.009,0,0,0,0,0,0.007,0,0,0,0,0,0,0,0,0,0,0,0.001,0,0,0,0,0,0,0,0,0,0,3215190535,8174281918,0,140000000,194.75,1485.48,2152.25,4.25,0.003,0.004,0.48,0.49,0.31,0,0,0.09,3,0
United Arab Emirates,ARE,0.055,0.001,0,0,0,0,0,0,0,0,0.001,0.003,0,0,0,0.001,0,0.001,0.001,0,0,0,0,0,0,0,0,0,0,0,0,0,0,0,0,0,0,0.001,0,0.002,0,0,0,0,0,0,0,0,0,0,0.001,0,0,0,0,0,0,0,0,0,0,0,0,0,0,0,0,0,0,0,0,0,0,0,0,0,0,0,0,0,0,0,0,0,0.001,0.02,40483770401,46132664476,16006000000,3320000000,1069.5,2764.09,319,0,0,0,0.21,0.78,0.56,0,0.01,0,15,0
United Kingdom,GBR,0,0,0.01,0,0.011,0,0.021,0,0.008,0,0.003,0,0.037,0,0,0,0,0.001,0.005,0,0.001,0,0,0.001,0.026,0,0,0,0.008,0,0.001,0,0.001,0.002,0.005,0,0.068,0.247,0.12,0.026,0.007,0,0.109,0.154,0.003,0,0,0,0.056,0.001,0.024,0,0.003,0,0,0,0,0,0,0,0.001,0.003,0,0,0.001,0.007,0,0,0.001,0.001,0,0,0,0,0,0,0,0,0,0,0,0,0,0,0.001,0.006,1.45E+11,76555517735,6.74E+11,13755000000,15158.5,9657.37,87204,40,0,0,0.63,0.41,0.82,0.06,0,0.06,6,6
United States,USA,0.455,0,0.14,0.001,0.932,0.051,0.037,0.002,0.634,0.02,0.287,0,0.239,0.001,0.646,0.002,0.519,0.02,0.705,0,0.646,0,0.46,0.001,0.655,0,0,0,0,0.025,0,0,0.538,0,0,0,0.146,0.07,0.086,0.003,0.557,0.014,0.252,0.211,0.246,0.002,0.226,0,0.164,0.002,0.78,0,0.113,0,0.197,0.001,0.621,0.016,0.917,0,0.002,0.011,0.995,0.006,0.988,0.017,0,0,0.96,0.006,0.995,0.008,0.889,0,0.986,0.317,0.646,0.005,0.941,0.013,0.988,0.001,0.969,0.001,0.631,0.004,0,5.49E+11,0,28005000000,0,0,271822.28,116.75,0,0,1,0.18,0,0,0,0,93,23
Uruguay,URY,0,0,0,0,0,0,0,0,0,0,0,0,0,0,0,0,0,0,0,0,0,0,0,0,0,0,0,0,0,0,0,0,0,0,0,0,0,0,0,0,0,0,0,0,0,0,0,0,0,0,0,0,0,0,0,0,0,0,0.003,0.022,0,0,0,0,0,0.004,0,0,0,0,0,0,0.001,0,0,0.018,0,0,0,0,0,0,0,0,0,0,2995823140,4554263067,0,0,0,356.09,0,0,0,0,0.26,0.77,0,0,0,0,0,0
Uzbekistan,UZB,0,0,0,0,0,0,0,0,0,0.008,0,0,0,0,0,0.001,0,0,0,0,0,0,0,0,0,0,0,0,0,0,0,0,0,0,0,0,0,0,0,0,0,0,0,0,0,0,0,0,0,0,0,0,0,0,0,0,0,0,0,0,0,0,0,0,0,0,0,0,0,0,0,0,0,0,0,0,0,0,0,0,0,0,0,0.009,0,0,406664533.2,4031758061,0,410000000,0,472.78,0,0,0.002,0.007,0.18,0.81,0.2,0,0.09,0.02,0,1
Vanuatu,VUT,0,0,0,0,0,0,0,0,0,0,0,0,0,0,0,0,0,0,0,0,0,0,0,0,0,0,0,0,0,0,0,0,0,0,0,0,0,0,0,0,0,0,0,0,0,0,0,0,0,0,0,0,0,0,0,0,0,0,0,0,0,0,0,0,0,0,0,0,0,0,0,0,0,0,0,0,0,0,0,0,0,0,0,0,0,0,31254832.7,160148912.6,0,0,0,8.62,0,0,0.013,0.046,0.28,0.6,0,0,0,0,1,0
Venezuela,VEN,0.008,0,0,0,0,0,0,0,0,0,0,0,0,0,0,0,0.002,0,0.001,0,0.002,0,0,0,0,0,0,0,0,0,0,0,0,0,0,0,0,0,0,0,0,0,0,0,0,0,0,0,0,0,0,0,0,0,0,0,0,0,0,0,0,0,0,0,0,0,0,0,0,0,0,0,0,0,0,0,0,0,0,0,0,0,0,0,0.042,0.031,34671000000,13060723512,8656000000,2510000000,0,7201.89,0,1.5,0,0.005,0.15,0.78,0,0,0.23,0,2,3
Vietnam,VNM,0,0,0.008,0,0,0,0,0,0,0,0,0.001,0,0,0,0,0,0,0.003,0,0,0.001,0,0,0,0,0,0,0,0,0,0,0,0,0,0,0,0,0,0,0,0.003,0,0,0,0,0,0,0,0,0.013,0,0,0,0,0,0,0.008,0,0,0.121,0.142,0,0,0,0.002,0,0,0,0,0,0,0.006,0.012,0,0,0,0.006,0,0,0,0.001,0,0,0,0.004,49741000000,93044186735,0,1387500000,4,18169,268.5,30.25,0.002,0.001,0.2,0.8,0,0,0,0,0,2
Yemen,YEM,0,0,0,0,0,0,0,0,0,0,0,0,0,0,0,0,0,0,0,0,0,0,0,0,0,0,0,0,0,0,0,0,0,0,0,0,0,0,0,0,0,0,0,0,0,0,0,0,0,0,0,0,0,0,0,0,0,0,0,0,0,0,0,0,0,0,0,0,0,0,0,0,0,0,0,0,0,0,0,0,0,0,0,0.002,0,0.003,505684745.6,3364753018,0,0,0,446.55,0,0,0.01,0,0.2,0.78,0.22,0,0,0,3,0
Zambia,ZMB,0,0,0,0,0,0,0,0,0,0,0,0,0.039,0.015,0,0.016,0,0,0,0,0,0,0,0,0,0,0.002,0.001,0,0,0,0,0,0,0,0,0,0,0,0,0,0,0,0,0,0,0,0,0,0,0,0,0,0,0,0,0,0,0,0,0,0,0,0,0,0,0,0,0,0,0,0,0,0,0,0,0,0,0,0,0,0,0,0,0,0,219936852.2,3281631016,0,1895000000,0,492.96,0,2.5,0.027,0.019,0.22,0.78,0,0,0.59,0,2,0
Zimbabwe,ZWE,0,0,0,0.001,0,0,0,0,0,0,0.018,0.014,0,0,0,0,0,0,0,0,0,0,0,0.001,0,0,0,0,0,0,0,0,0,0,0,0,0,0,0,,0,0,0,0,0,0,0,0,0,0,0,0,0,0,0,0,0,0,0,0,0,0,0,0,0,0,0,0,0,0,0,0,0,0,0,0,0.001,0,0,0,0,0,0,0,0,0,116932387,1215223690,0,1260000000,0,1222.92,0,0,0.022,0.028,0.11,0.77,0,0,0,0,0,2